,Player,Pos,Age,Team,Abb_team,MP,PTS,AST,FG,FT,X3P,FGA,TOV,FTA,TRB,ORB,BLK,STL,PF,team_AST,team_FG,Pace,pace_adjustment,PER_value
1,Alex Abrines,SG,23,Oklahoma City Thunder,OKC,1055,13.9,1.4,4.6,1.5,3.2,11.6,1.1,1.7,2.9,0.6,0.3,1.3,3.9,21,45.2,97.8,0.985685072,0.007346332
2,Quincy Acy,PF,26,Brooklyn Nets,BRK,510,14.8,1.3,4.6,3,2.5,10.8,1.3,4,7.6,1.3,1.1,1,4.1,21.4,44.4,101.3,0.951628825,0.018883048
3,Steven Adams,C,23,Oklahoma City Thunder,OKC,2389,13.6,1.3,5.6,2.4,0,9.9,2.2,3.9,9.2,4.2,1.2,1.3,2.9,21,45.2,97.8,0.985685072,0.005033265
4,Arron Afflalo,SG,31,Sacramento Kings,SAC,1580,11.7,1.8,4.2,1.9,1.4,9.6,1,2.1,2.8,0.2,0.1,0.5,2.4,22.5,46.1,94.9,1.015806112,0.004215412
5,Alexis Ajinca,C,28,New Orleans Pelicans,NOP,584,12.8,0.7,5.5,1.8,0,11,1.9,2.5,10.9,2.8,1.4,1.2,4.7,22.8,45,98,0.983673469,0.016386995
6,Cole Aldrich,C,28,Minnesota Timberwolves,MIN,531,7.1,1.7,3.1,1,0,5.8,1.2,1.5,10.7,3.5,1.6,1.7,5.8,23.7,46.7,94.6,1.019027484,0.018210533
7,LaMarcus Aldridge,PF,31,San Antonio Spurs,SAS,2335,19.2,2.1,7.7,3.4,0.4,16.2,1.5,4.2,8.1,2.7,1.4,0.7,2.4,23.8,46.9,94.2,1.023354565,0.005896261
8,Lavoy Allen,PF,27,Indiana Pacers,IND,871,7.3,2.4,3.2,1,0,6.9,1.2,1.4,9.1,4.3,1,0.7,3.2,22.5,46.5,95.9,1.005213764,0.01017657
9,Tony Allen,SG,35,Memphis Grizzlies,MEM,1914,12.1,1.8,5.2,1.5,0.3,11.2,1.9,2.4,7.4,3.1,0.5,2.2,3.3,21.3,43.5,92.3,1.044420368,0.005306177
10,Al-Farouq Aminu,SF,26,Portland Trail Blazers,POR,1773,10.8,2,3.7,1.9,1.4,9.5,1.9,2.8,9.2,1.6,0.9,1.2,2.1,21.1,45.9,96.7,0.996897622,0.004619802
11,Chris Andersen,C,38,Cleveland Cavaliers,CLE,114,8.8,1.6,2.8,3.2,0,6.9,1.6,4.4,9.8,2.8,2.2,1.6,6.3,22.7,47,96.2,1.002079002,0.073453746
12,Alan Anderson,SF,34,LA Clippers,LAC,308,10.1,1.3,3.5,1.4,1.6,9.4,0.8,1.9,2.8,0.4,0,0.4,4.1,22.5,47.5,96.1,1.003121748,0.012673881
13,Justin Anderson,SF,23,Philadelphia 76ers,PHI,518,14.1,2.4,5.2,2.2,1.5,11.3,1.8,2.8,6.7,2.1,0.5,0.9,3.1,23.8,44.2,98.5,0.978680203,0.018467804
14,Kyle Anderson,SG,23,San Antonio Spurs,SAS,1020,8.7,3.2,3.3,1.6,0.5,7.4,1.4,2,7.3,1.2,0.9,1.8,2.2,23.8,46.9,94.2,1.023354565,0.009150559
15,Ryan Anderson,PF,28,Houston Rockets,HOU,2116,16.7,1.2,5.5,2.2,3.5,13.2,0.9,2.6,5.6,1.9,0.2,0.5,2.4,25.2,46.2,100,0.964,0.004727295
16,Giannis Antetokounmpo,SF,22,Milwaukee Bucks,MIL,2845,23.2,5.5,8.3,6,0.6,15.9,3,7.7,8.9,1.8,1.9,1.7,3.1,24.2,47.4,94.5,1.02010582,0.006647216
17,Carmelo Anthony,SF,32,New York Knicks,NYK,2538,23.5,3,8.5,4.3,2.1,19.7,2.2,5.2,6.2,0.9,0.5,0.9,2.8,21.8,44.7,96,1.004166667,0.005053522
18,Joel Anthony,C,34,San Antonio Spurs,SAS,122,7.4,0.9,3,1.5,0,4.7,1.2,2.4,9.1,2.4,1.8,0.6,3.2,23.8,46.9,94.2,1.023354565,0.073003397
19,Trevor Ariza,SF,31,Houston Rockets,HOU,2773,12.2,2.3,4.2,1.2,2.5,10.4,0.9,1.6,5.9,0.7,0.3,1.9,1.7,25.2,46.2,100,0.964,0.003350242
20,Darrell Arthur,PF,28,Denver Nuggets,DEN,639,14.8,2.4,5.4,1.1,3,12.1,2,1.2,6.3,1.4,1.2,1.1,4.3,25.3,46.9,98.3,0.980671414,0.015605587
21,Omer Asik,C,30,New Orleans Pelicans,NOP,482,6.3,1.1,2.3,1.7,0,4.9,1,2.9,12.2,3.6,0.7,0.4,3.8,22.8,45,98,0.983673469,0.014863851
22,D.J. Augustin,PG,29,Orlando Magic,ORL,1538,14.4,4.9,4.6,3.1,2.2,12.1,2.1,3.8,2.7,0.4,0,0.7,2.4,22.2,44,96.8,0.995867769,0.005238463
23,Luke Babbitt,SF,27,Miami Heat,MIA,1065,11,1.2,3.8,0.4,2.9,9.5,0.8,0.5,4.8,0.4,0.4,0.7,4,21.2,45.5,95.2,1.012605042,0.006074419
24,Ron Baker,SG,23,New York Knicks,NYK,857,9,4.5,3.4,1.2,1,9.1,2.4,1.8,4.1,0.5,0.3,1.4,3.1,21.8,44.7,96,1.004166667,0.006482387
25,Wade Baldwin,PG,20,Memphis Grizzlies,MEM,405,9.4,5.4,3.2,2.8,0.3,10.2,3.5,3.3,4.1,1,0.6,1.6,3.6,21.3,43.5,92.3,1.044420368,0.012052716
26,Leandro Barbosa,SG,34,Phoenix Suns,PHO,963,15.7,3,6.4,1.5,1.3,14.7,1.8,1.7,3.9,0.6,0.3,1.2,3.1,19.6,45,100.3,0.96111665,0.008843294
27,J.J. Barea,PG,32,Dallas Mavericks,DAL,771,17.8,9,6.6,2.1,2.5,16,2.9,2.4,3.9,0.4,0,0.7,1.4,20.8,44,92.2,1.045553145,0.016707801
28,Harrison Barnes,PF,24,Dallas Mavericks,DAL,2803,19.5,1.5,7.7,3.1,1,16.4,1.3,3.6,5.1,1.2,0.2,0.8,1.6,20.8,44,92.2,1.045553145,0.004330446
29,Matt Barnes,SF,36,Golden State Warriors,GSW,410,10,4,3.3,1.8,1.6,7.9,2.1,2,8,1.3,0.8,1.1,4.1,30.4,49.5,99.8,0.965931864,0.019631673
30,Will Barton,SG,26,Denver Nuggets,DEN,1705,17.3,4.3,6.2,3,1.8,14.1,2,4,5.5,1.2,0.6,1,2.3,25.3,46.9,98.3,0.980671414,0.006567193
31,Brandon Bass,PF,31,LA Clippers,LAC,577,18.2,1.3,6.7,4.8,0.1,11.6,1.8,5.5,8,2.7,0.7,0.9,2.8,22.5,47.5,96.1,1.003121748,0.024855852
32,Nicolas Batum,SG,28,Charlotte Hornets,CHO,2617,16,6.3,5.4,3.3,1.9,13.4,2.7,3.9,6.6,0.6,0.4,1.2,1.5,23.1,44.2,95.7,1.007314525,0.004387731
33,Jerryd Bayless,PG,28,Philadelphia 76ers,PHI,71,16.7,6.6,5.6,4.6,1,16.2,4.6,5.1,6.1,1.5,0,0,2,23.8,44.2,98.5,0.978680203,0.088687795
34,Aron Baynes,C,30,Detroit Pistons,DET,1163,11.3,1,4.4,2.4,0,8.6,1.5,2.9,10.3,3.4,1.2,0.5,5.1,21.1,44.9,95,1.014736842,0.008149389
35,Kent Bazemore,SF,27,Atlanta Hawks,ATL,1963,14.7,3.2,5.4,2.2,1.7,13.2,2.3,3.1,4.2,0.8,1,1.7,3,23.6,45.1,97.4,0.98973306,0.004435508
36,Bradley Beal,SG,23,Washington Wizards,WAS,2684,23.9,3.6,8.5,3.8,3,17.7,2.1,4.6,3.2,0.7,0.3,1.1,2.3,23.9,47.5,97.4,0.98973306,0.005437584
37,Malik Beasley,SG,20,Denver Nuggets,DEN,165,18.1,2.4,7.2,1.7,2,15.9,1.7,2.2,3.7,1.1,0,1.5,2.2,25.3,46.9,98.3,0.980671414,0.062547237
38,Michael Beasley,PF,28,Milwaukee Bucks,MIL,935,20.3,2,8.3,3,0.7,15.6,2.5,4,7.4,1.5,1,1,3.5,24.2,47.4,94.5,1.02010582,0.014153692
39,Marco Belinelli,SG,30,Charlotte Hornets,CHO,1778,15.8,3,5.3,3,2.1,12.5,1.4,3.4,3.6,0.3,0.2,0.9,1.8,23.1,44.2,95.7,1.007314525,0.0054532
40,DeAndre' Bembry,SF,22,Atlanta Hawks,ATL,371,9.8,2.7,4.6,0.6,0.1,9.5,1.6,1.6,5.7,1.4,0.5,0.8,2,23.6,45.1,97.4,0.98973306,0.018942464
41,Dragan Bender,PF,19,Phoenix Suns,PHO,574,9.2,1.4,3.6,0.3,1.8,10.1,2,0.7,6.5,1.4,1.4,0.6,4.6,19.6,45,100.3,0.96111665,0.00751585
42,Anthony Bennett,PF,23,Brooklyn Nets,BRK,264,15.7,1.6,5.2,3.5,1.8,12.5,1.6,4.9,10.6,3.4,0.4,0.7,2.5,21.4,44.4,101.3,0.951628825,0.040574239
43,Ben Bentil,PF,21,Dallas Mavericks,DAL,10,0,0,0,0,0,10.8,3.6,0,7.2,0,0,0,3.6,20.8,44,92.2,1.045553145,0
44,Davis Bertans,PF,24,San Antonio Spurs,SAS,808,13.5,2,4.6,1.2,3.1,10.4,1.4,1.5,4.4,1,1.2,0.9,3.3,23.8,46.9,94.2,1.023354565,0.012100028
45,Patrick Beverley,SG,28,Houston Rockets,HOU,2058,11.2,4.9,4,1.3,1.9,9.5,1.7,1.7,6.9,1.7,0.4,1.7,3.9,25.2,46.2,100,0.964,0.004749509
46,Bismack Biyombo,C,24,Orlando Magic,ORL,1793,9.7,1.5,3.6,2.5,0,6.8,1.9,4.7,11.4,3.2,1.8,0.5,4.1,22.2,44,96.8,0.995867769,0.004987141
47,Nemanja Bjelica,PF,28,Minnesota Timberwolves,MIN,1190,12.2,2.4,4.6,1.4,1.7,10.8,1.8,1.8,7.4,1.7,0.6,1.2,4.7,23.7,46.7,94.6,1.019027484,0.007066433
48,Tarik Black,C,25,Los Angeles Lakers,LAL,1091,12.6,1.3,4.9,2.7,0,9.7,1.9,3.6,11.3,4.8,1.5,1,5.7,20.9,45,98.5,0.978680203,0.01002791
49,Eric Bledsoe,PG,27,Phoenix Suns,PHO,2176,23,6.9,7.4,6.4,1.7,17.1,3.7,7.6,5.3,0.9,0.5,1.5,2.7,19.6,45,100.3,0.96111665,0.006627645
50,Bojan Bogdanovic,SF,27,Washington Wizards,WAS,601,19.8,1.3,6.4,4.3,2.7,14,2.3,4.6,4.8,0.8,0.2,0.6,2.8,23.9,47.5,97.4,0.98973306,0.017586733
51,Andrew Bogut,C,32,Cleveland Cavaliers,CLE,1,0,0,0,0,0,0,0,0,0,0,0,0,72,22.7,47,96.2,1.002079002,0
52,Joel Bolomboy,PF,23,Utah Jazz,UTA,53,14.9,1.4,6.1,2,0.7,10.9,1.4,4.1,11.5,2.7,1.4,0.7,0.7,20.1,46.6,91.6,1.052401747,0.275310465
53,Devin Booker,SG,20,Phoenix Suns,PHO,2730,22.8,3.5,8,4.8,1.9,18.9,3.2,5.8,3.3,0.6,0.3,0.9,3.2,19.6,45,100.3,0.96111665,0.003775525
54,Trevor Booker,PF,29,Brooklyn Nets,BRK,1754,14.6,2.8,6.3,1.5,0.5,12.1,2.6,2.3,11.7,2.9,0.6,1.5,3.1,21.4,44.4,101.3,0.951628825,0.0066801
55,Avery Bradley,SG,26,Boston Celtics,BOS,1835,17.5,2.4,7,1.3,2.1,15.2,1.7,1.8,6.6,1.3,0.2,1.3,2.8,25.2,45.4,96.8,0.995867769,0.005919063
56,Corey Brewer,SF,30,Los Angeles Lakers,LAL,358,13,3.6,5.3,1.8,0.5,12.2,1.9,2.4,5.2,1.1,0.8,2.4,2.9,20.9,45,98.5,0.978680203,0.027101546
57,Malcolm Brogdon,SG,24,Milwaukee Bucks,MIL,1982,13.9,5.8,5.3,2,1.4,11.5,2.1,2.3,3.9,0.9,0.2,1.5,2.5,24.2,47.4,94.5,1.02010582,0.005668788
58,Aaron Brooks,PG,32,Indiana Pacers,IND,894,13,5,4.9,1.3,1.9,12.1,2.7,1.6,2.8,0.7,0.4,1,3.7,22.5,46.5,95.9,1.005213764,0.008132337
59,Anthony Brown,SF,24,Orlando Magic,ORL,16,20.3,4.5,9,0,2.3,20.3,2.3,0,15.8,4.5,0,0,4.5,22.2,44,96.8,0.995867769,0.879151841
60,Bobby Brown,PG,32,Houston Rockets,HOU,123,18.1,4.1,6.7,0.6,4.1,17.6,1.5,0.6,1.8,0,0,0.3,1.5,25.2,46.2,100,0.964,0.067358403
61,Jaylen Brown,SF,20,Boston Celtics,BOS,1341,13.8,1.7,5.2,2.3,1.2,11.4,1.8,3.3,5.9,1.2,0.5,0.9,3.8,25.2,45.4,96.8,0.995867769,0.005808566
62,Nicolas Brussino,SF,23,Dallas Mavericks,DAL,521,10.4,3.2,3.6,1.2,2,9.7,1.8,1.5,6.6,1.8,0.6,1.2,3,20.8,44,92.2,1.045553145,0.015842482
63,Reggie Bullock,SF,25,Detroit Pistons,DET,467,10.9,2.2,4.2,0.4,2.2,9.9,0.8,0.5,4.9,1,0.2,1.4,1.7,21.1,44.9,95,1.014736842,0.019102545
64,Trey Burke,PG,24,Washington Wizards,WAS,703,14.6,5.1,5.9,1.1,1.6,13.1,2.5,1.5,2.4,0.4,0.3,0.6,2.8,23.9,47.5,97.4,0.98973306,0.011550545
65,Alec Burks,SG,25,Utah Jazz,UTA,653,15.6,1.7,5.5,3.3,1.4,13.7,1.9,4.3,6.6,0.9,0.3,1,2.8,20.1,46.6,91.6,1.052401747,0.013433358
66,Jimmy Butler,SF,27,Chicago Bulls,CHI,2809,23.3,5.3,7.3,7.5,1.2,16,2,8.7,6,1.7,0.4,1.8,1.4,22.6,44.4,95.3,1.011542497,0.006308747
67,Bruno Caboclo,SF,21,Toronto Raptors,TOR,40,12.6,3.6,5.4,0,1.8,14.4,1.8,0,9,4.5,0.9,1.8,3.6,18.5,46.4,94.7,1.017951426,0.276869762
68,Jose Calderon,PG,35,Atlanta Hawks,ATL,247,8.9,5.4,3.4,1,1.2,8.3,2.2,1.2,4.7,1,0,0.6,2,23.6,45.1,97.4,0.98973306,0.027517007
69,Kentavious Caldwell-Pope,SG,23,Detroit Pistons,DET,2529,14.9,2.7,5.3,2.2,2.2,13.2,1.2,2.6,3.5,0.8,0.2,1.3,1.7,21.1,44.9,95,1.014736842,0.003806275
70,Isaiah Canaan,SG,25,Chicago Bulls,CHI,592,11,2.3,3.8,1.8,1.5,10.5,1.3,2,3,0.4,0.1,1.3,2.1,22.6,44.4,95.3,1.011542497,0.010113427
71,Clint Capela,C,22,Houston Rockets,HOU,1551,19,1.5,8.4,2.2,0,13.1,2,4.1,12.2,4.1,1.8,0.8,4.2,25.2,46.2,100,0.964,0.010231388
72,DeMarre Carroll,SF,30,Toronto Raptors,TOR,1882,12.2,1.4,4.2,1.7,2.1,10.5,1,2.2,5.3,1.2,0.5,1.5,2.7,18.5,46.4,94.7,1.017951426,0.004701452
73,Vince Carter,SF,40,Memphis Grizzlies,MEM,1799,11.7,2.7,3.9,1.8,2.2,9.8,1,2.3,4.5,0.7,0.7,1.2,3.3,21.3,43.5,92.3,1.044420368,0.004908114
74,Michael Carter-Williams,PG,25,Chicago Bulls,CHI,846,12.6,4.8,4.8,2.5,0.6,13,2.8,3.3,6.5,1,1,1.6,4.3,22.6,44.4,95.3,1.011542497,0.008756897
75,Omri Casspi,SF,28,Minnesota Timberwolves,MIN,222,7.3,1.8,3.1,0.8,0.3,6.2,1.6,1.3,3.2,1,0.3,2.1,3.9,23.7,46.7,94.6,1.019027484,0.026253934
76,Willie Cauley-Stein,C,23,Sacramento Kings,SAC,1421,15.5,2,6.5,2.6,0,12.2,1.7,3.8,8.6,2.2,1.1,1.3,3.7,22.5,46.1,94.9,1.015806112,0.008667372
77,Tyson Chandler,C,34,Phoenix Suns,PHO,1298,11,0.8,4.2,2.5,0,6.3,1.8,3.4,14.9,4.2,0.7,0.9,3.5,19.6,45,100.3,0.96111665,0.009216341
78,Wilson Chandler,SF,29,Denver Nuggets,DEN,2197,18.3,2.3,7.1,2.3,1.8,15.4,1.9,3.2,7.5,1.7,0.5,0.8,2.8,25.3,46.9,98.3,0.980671414,0.005003695
79,Marquese Chriss,PF,19,Phoenix Suns,PHO,1743,15.6,1.2,5.9,2.3,1.5,13.1,2.2,3.7,7.2,2,1.4,1.4,5.4,19.6,45,100.3,0.96111665,0.005244015
80,Rakeem Christmas,PF,25,Indiana Pacers,IND,219,9.7,0.7,3.1,3.5,0,7.1,1.3,4.8,9.2,4.3,1,0.5,6.1,22.5,46.5,95.9,1.005213764,0.034347654
81,Semaj Christon,PG,24,Oklahoma City Thunder,OKC,973,6.8,4.8,2.8,0.6,0.4,8.3,1.6,1.1,3.2,0.7,0.3,1,2.9,21,45.2,97.8,0.985685072,0.004331171
82,Ian Clark,SG,25,Golden State Warriors,GSW,1137,16.7,2.8,6.7,1.4,1.9,13.7,1.7,1.8,3.8,0.7,0.3,1.2,2.4,30.4,49.5,99.8,0.965931864,0.008843301
83,Jordan Clarkson,SG,24,Los Angeles Lakers,LAL,2397,18.1,3.2,7.2,2,1.8,16.1,2.5,2.5,3.7,0.7,0.1,1.3,2.3,20.9,45,98.5,0.978680203,0.004090907
84,Norris Cole,PG,28,Oklahoma City Thunder,OKC,125,12.4,4,4.6,2.3,0.9,15,2,2.9,3.2,0,0,2.3,5.2,21,45.2,97.8,0.985685072,0.032430886
85,Darren Collison,PG,29,Sacramento Kings,SAC,2063,15.7,5.4,5.9,2.6,1.3,12.5,2,3,2.7,0.4,0.2,1.2,2.1,22.5,46.1,94.9,1.015806112,0.005507838
86,Nick Collison,PF,36,Oklahoma City Thunder,OKC,128,9.3,3.4,3.9,1.4,0,6.5,1.1,2.3,8.7,2.5,0.6,0.6,4.8,21,45.2,97.8,0.985685072,0.074786887
87,Mike Conley,PG,29,Memphis Grizzlies,MEM,2292,22.2,6.8,7.3,5,2.7,15.8,2.5,5.8,3.8,0.5,0.3,1.4,2,21.3,43.5,92.3,1.044420368,0.00734929
88,Pat Connaughton,SG,24,Portland Trail Blazers,POR,316,11.2,3.2,4.2,0.8,1.9,8.2,1.9,1,5.9,1.1,0.2,0.7,2.6,21.1,45.9,96.7,0.996897622,0.028101218
89,Quinn Cook,PG,23,New Orleans Pelicans,NOP,111,16.9,4.5,7.1,0.6,1.9,13.3,1.6,1,1.3,0.3,0,1,2.3,22.8,45,98,0.983673469,0.102378986
90,DeMarcus Cousins,C,26,New Orleans Pelicans,NOP,574,26,4.1,8.9,5.9,2.3,19.7,3.9,7.6,13.2,2.3,1.2,1.6,4.7,22.8,45,98,0.983673469,0.028818404
91,Robert Covington,SF,26,Philadelphia 76ers,PHI,2119,14.7,1.7,5,2.4,2.3,12.4,2.2,3,7.4,1.6,1.2,2.2,3.4,23.8,44.2,98.5,0.978680203,0.004696115
92,Allen Crabbe,SG,24,Portland Trail Blazers,POR,2254,13.5,1.5,4.8,1.7,2.1,10.3,1,2,3.6,0.3,0.3,0.9,2.7,21.1,45.9,96.7,0.996897622,0.003817144
93,Jamal Crawford,SG,36,LA Clippers,LAC,2157,16.8,3.6,6,2.9,1.9,14.5,2.2,3.4,2.2,0.3,0.2,1,1.9,22.5,47.5,96.1,1.003121748,0.004149493
94,Jordan Crawford,SG,28,New Orleans Pelicans,NOP,442,21.7,4.6,8.6,1.6,3,17.8,2,2.1,2.8,0.3,0.2,0.9,2.4,22.8,45,98,0.983673469,0.030022388
95,Jae Crowder,SF,26,Boston Celtics,BOS,2335,15.4,2.4,5.1,2.7,2.4,11.1,1.2,3.3,6.4,0.7,0.4,1.1,2.5,25.2,45.4,96.8,0.995867769,0.004691802
96,Dante Cunningham,SF,29,New Orleans Pelicans,NOP,1649,9.5,0.8,3.8,0.3,1.6,7.8,0.6,0.6,6,1.2,0.6,0.9,2.2,22.8,45,98,0.983673469,0.004742641
97,Seth Curry,PG,26,Dallas Mavericks,DAL,2029,15.9,3.4,6,1.5,2.4,12.5,1.6,1.8,3.2,0.4,0.1,1.4,2.2,20.8,44,92.2,1.045553145,0.005727048
98,Stephen Curry,PG,28,Golden State Warriors,GSW,2638,27.3,7.2,9.2,4.4,4.4,19.7,3.3,4.9,4.8,0.8,0.2,1.9,2.5,30.4,49.5,99.8,0.965931864,0.00671424
99,Troy Daniels,SG,25,Memphis Grizzlies,MEM,1183,16.8,1.4,5.6,1.3,4.2,15.1,1.4,1.6,3,0.7,0.1,0.6,2.7,21.3,43.5,92.3,1.044420368,0.006663269
100,Anthony Davis,C,23,New Orleans Pelicans,NOP,2708,27.9,2.1,10.2,6.9,0.5,20.3,2.4,8.6,11.8,2.3,2.2,1.2,2.2,22.8,45,98,0.983673469,0.007164388
101,Deyonta Davis,C,20,Memphis Grizzlies,MEM,238,8.8,0.3,3.6,1.5,0,7.1,1.2,2.7,9.1,3,2.6,0.5,6.1,21.3,43.5,92.3,1.044420368,0.033512772
102,Ed Davis,PF,27,Portland Trail Blazers,POR,789,9.1,1.2,3.4,2.3,0,6.5,1.7,3.7,11.1,4.4,1,0.7,6.3,21.1,45.9,96.7,0.996897622,0.010633734
103,Dewayne Dedmon,C,27,San Antonio Spurs,SAS,1330,10.5,1.2,4.4,1.8,0,7,1.7,2.5,13.4,3.5,1.7,1,4.9,23.8,46.9,94.2,1.023354565,0.009038666
104,Sam Dekker,SF,22,Houston Rockets,HOU,1419,12.8,1.9,5.2,1,1.5,10.9,1,1.7,7.2,2.4,0.5,1,2.1,25.2,46.2,100,0.964,0.007086187
105,Malcolm Delaney,PG,27,Atlanta Hawks,ATL,1248,11.3,5.6,4.2,2.2,0.7,11.2,2.7,2.7,3.5,0.3,0,1.1,3.2,23.6,45.1,97.4,0.98973306,0.004587688
106,Matthew Dellavedova,PG,26,Milwaukee Bucks,MIL,1986,10.5,6.5,3.8,1.5,1.4,9.7,2.4,1.7,2.7,0.4,0,1,2.8,24.2,47.4,94.5,1.02010582,0.00367531
107,Luol Deng,SF,31,Los Angeles Lakers,LAL,1486,10.3,1.8,4,1.1,1.2,10.3,1,1.5,7.1,1.5,0.5,1.2,1.5,20.9,45,98.5,0.978680203,0.005160214
108,DeMar DeRozan,SG,27,Toronto Raptors,TOR,2620,27.8,4,9.9,7.5,0.5,21.2,2.5,8.9,5.3,1,0.2,1.1,1.8,18.5,46.4,94.7,1.017951426,0.006606648
109,Cheick Diallo,PF,20,New Orleans Pelicans,NOP,199,15.7,0.7,6.5,2.7,0,13.7,1.3,3.8,13.2,4.2,1.3,0.7,3.1,22.8,45,98,0.983673469,0.061786031
110,Boris Diaw,PF,34,Utah Jazz,UTA,1283,9.5,4.8,4.1,0.7,0.6,9.2,2.4,1,4.4,1.3,0.3,0.5,2.3,20.1,46.6,91.6,1.052401747,0.005525614
111,Gorgui Dieng,PF,27,Minnesota Timberwolves,MIN,2653,11.1,2.1,4.5,1.8,0.2,9,1.5,2.3,8.8,2.6,1.3,1.2,3.4,23.7,46.7,94.6,1.019027484,0.003929427
112,Spencer Dinwiddie,PG,23,Brooklyn Nets,BRK,1334,11.7,5,3.6,3.4,1,8.1,1.8,4.3,4.4,0.7,0.6,1.2,3.2,21.4,44.4,101.3,0.951628825,0.00682469
113,Toney Douglas,PG,30,Memphis Grizzlies,MEM,394,10.7,5.1,3.9,2.2,0.6,10.7,1.9,2.6,5.6,1.2,0.5,1.6,4.6,21.3,43.5,92.3,1.044420368,0.019793477
114,Goran Dragic,PG,30,Miami Heat,MIA,2459,21.7,6.2,7.8,4.4,1.7,16.5,3.1,5.5,4.1,0.9,0.2,1.3,2.9,21.2,45.5,95.2,1.012605042,0.005827022
115,Andre Drummond,C,23,Detroit Pistons,DET,2409,16.5,1.3,7.2,2,0,13.6,2.3,5.3,16.7,5.2,1.3,1.9,3.5,21.1,44.9,95,1.014736842,0.006316673
116,Jared Dudley,PF,31,Phoenix Suns,PHO,1362,11.5,3.2,4.1,1.1,2,9.1,1.9,1.7,5.9,0.8,0.4,1.1,4.1,19.6,45,100.3,0.96111665,0.005669278
117,Mike Dunleavy,SF,36,Atlanta Hawks,ATL,475,12.8,2.3,4.3,1.7,2.5,9.9,1.1,2,5.2,1,0.4,0.7,2.7,23.6,45.1,97.4,0.98973306,0.018753049
118,Kris Dunn,PG,22,Minnesota Timberwolves,MIN,1333,7.9,5.1,3.2,1,0.6,8.5,2.4,1.6,4.5,0.6,1,2.1,4.8,23.7,46.7,94.6,1.019027484,0.004740848
119,Kevin Durant,SF,28,Golden State Warriors,GSW,2070,27,5.2,9.6,5.8,2,17.8,2.4,6.7,8.9,0.7,1.7,1.1,2,30.4,49.5,99.8,0.965931864,0.009518082
120,Jarell Eddie,SF,25,Phoenix Suns,PHO,62,13.9,0,3.5,4.6,2.3,11,0.6,5.2,4.1,0.6,0,0.6,0.6,19.6,45,100.3,0.96111665,0.109380311
121,Henry Ellenson,PF,20,Detroit Pistons,DET,146,14.8,1.7,5.7,1,2.5,15.8,3.5,2,10.1,2,0.2,0.2,1.5,21.1,44.9,95,1.014736842,0.039070757
122,Wayne Ellington,SG,29,Miami Heat,MIA,1500,15.6,1.7,5.5,0.9,3.6,13.3,0.7,1,3.2,0.4,0.1,0.8,1.7,21.2,45.5,95.2,1.012605042,0.006346644
123,Monta Ellis,SG,31,Indiana Pacers,IND,1998,11.4,4.3,4.5,1.7,0.8,10,2.4,2.3,3.7,0.3,0.5,1.4,2.7,22.5,46.5,95.9,1.005213764,0.003884302
124,Joel Embiid,C,22,Philadelphia 76ers,PHI,786,28.7,3,9.2,8.7,1.6,19.6,5.4,11.2,11.1,2.8,3.5,1.2,5.1,23.8,44.2,98.5,0.978680203,0.021384081
125,James Ennis,SF,26,Memphis Grizzlies,MEM,1501,10.3,1.5,3.5,2.1,1.2,7.7,1.4,2.6,6.2,1.7,0.5,1.1,4,21.3,43.5,92.3,1.044420368,0.005310092
126,Tyler Ennis,PG,22,Los Angeles Lakers,LAL,392,15.6,4.8,6,1.7,1.9,13.2,1.9,2,2.4,0.5,0.2,1.7,2.7,20.9,45,98.5,0.978680203,0.027277662
127,Tyreke Evans,SF,27,Sacramento Kings,SAC,314,18.7,3.8,6.8,2.8,2.4,16.4,2.5,3.9,5.8,0.8,0.6,1.4,2.2,22.5,46.1,94.9,1.015806112,0.036040253
128,Dante Exum,PG,21,Utah Jazz,UTA,1228,12.1,3.3,4.5,1.7,1.3,10.6,2.3,2.1,3.9,0.9,0.4,0.6,4.3,20.1,46.6,91.6,1.052401747,0.005399109
129,Kenneth Faried,PF,27,Denver Nuggets,DEN,1296,16.3,1.5,6.3,3.6,0,11.6,1.6,5.2,12.8,5.1,1.1,1.2,3.4,25.3,46.9,98.3,0.980671414,0.011279995
130,Jordan Farmar,PG,30,Sacramento Kings,SAC,35,12.3,9.3,4.1,0,4.1,12.3,3.1,0,3.1,1,0,2.1,1,22.5,46.1,94.9,1.015806112,0.315134494
131,Derrick Favors,PF,25,Utah Jazz,UTA,1186,14.4,1.7,6.2,2,0.1,12.7,1.8,3.3,9.3,2.8,1.2,1.4,3.1,20.1,46.6,91.6,1.052401747,0.010118529
132,Kay Felder,PG,21,Cleveland Cavaliers,CLE,386,15.5,5.4,5.8,3.3,0.7,14.7,2.8,4.6,3.8,0.3,0.7,1.7,3.5,22.7,47,96.2,1.002079002,0.022161744
133,Cristiano Felicio,C,24,Chicago Bulls,CHI,1040,10.9,1.4,4.4,2.1,0,7.7,1.1,3.2,10.8,4.3,0.6,0.9,3.8,22.6,44.4,95.3,1.011542497,0.010895498
134,Raymond Felton,PG,32,LA Clippers,LAC,1700,11.4,4,4.7,1.1,1,10.9,1.8,1.4,4.6,0.7,0.5,1.4,2.6,22.5,47.5,96.1,1.003121748,0.004902342
135,Yogi Ferrell,PG,23,Dallas Mavericks,DAL,1046,14,5.3,4.9,2.2,2.1,11.9,1.9,2.5,3.4,0.6,0.2,1.4,2.7,20.8,44,92.2,1.045553145,0.010065453
136,Dorian Finney-Smith,PF,23,Dallas Mavericks,DAL,1642,7.7,1.5,2.7,1,1.2,7.3,1,1.3,4.9,1.2,0.5,1.1,2.7,20.8,44,92.2,1.045553145,0.003498083
137,Bryn Forbes,SG,23,San Antonio Spurs,SAS,285,11.9,2.9,4.5,0.6,2.1,12.5,1.4,0.8,2.9,0.3,0,0.1,2.5,23.8,46.9,94.2,1.023354565,0.016050556
138,Evan Fournier,SG,24,Orlando Magic,ORL,2234,18.8,3.3,6.6,3.6,2.1,15,2.3,4.5,3.4,0.7,0.1,1.1,2.9,22.2,44,96.8,0.995867769,0.004608158
139,Randy Foye,SG,33,Brooklyn Nets,BRK,1284,10,3.8,3.3,1.5,1.9,9.1,2.2,1.8,4.3,0.3,0.3,1,2.8,21.4,44.4,101.3,0.951628825,0.00437491
140,Tim Frazier,PG,26,New Orleans Pelicans,NOP,1525,11,7.9,3.8,2.3,0.9,9.5,2.4,3,4.1,0.8,0.1,1.3,3.1,22.8,45,98,0.983673469,0.005819431
141,Channing Frye,C,33,Cleveland Cavaliers,CLE,1398,17.4,1.2,6.1,1.6,3.5,13.4,1.4,1.9,7.5,1,1,0.8,3.6,22.7,47,96.2,1.002079002,0.008258356
142,Danilo Gallinari,SF,28,Denver Nuggets,DEN,2134,19.3,2.3,5.7,5.9,2.1,12.7,1.4,6.5,5.5,0.7,0.3,0.7,1.6,25.3,46.9,98.3,0.980671414,0.005788715
143,Langston Galloway,PG,25,Sacramento Kings,SAC,375,10.9,2.7,4,1.1,1.8,10,1.7,1.2,3.4,0.7,0.1,0.6,1.9,22.5,46.1,94.9,1.015806112,0.016614331
144,Patricio Garino,SG,23,Orlando Magic,ORL,43,0,0,0,0,0,5.9,2.5,0,5.9,0.8,0,0,3.3,22.2,44,96.8,0.995867769,-0.147768285
145,Marc Gasol,C,32,Memphis Grizzlies,MEM,2531,20.6,4.8,7.6,4,1.5,16.5,2.4,4.7,6.6,0.9,1.4,1,2.4,21.3,43.5,92.3,1.044420368,0.005950843
146,Pau Gasol,C,36,San Antonio Spurs,SAS,1627,17.5,3.3,6.7,2.9,1.2,13.4,1.8,4.1,11.1,2.4,1.5,0.5,2.4,23.8,46.9,94.2,1.023354565,0.009063354
147,Rudy Gay,SF,30,Sacramento Kings,SAC,1013,20,2.9,7.1,4.2,1.5,15.7,2.6,4.9,6.8,1.2,0.9,1.6,2.8,22.5,46.1,94.9,1.015806112,0.012837553
148,Michael Gbinije,SG,24,Detroit Pistons,DET,32,4.5,2.3,1.1,2.3,0,11.3,0,2.3,3.4,2.3,0,0,2.3,21.1,44.9,95,1.014736842,-0.047030216
149,Alonzo Gee,SF,29,Denver Nuggets,DEN,89,4.4,2.4,1.2,2,0,5.7,1.6,3.6,6.1,1.6,0.4,2,5.7,25.3,46.9,98.3,0.980671414,0.025008106
150,Paul George,SF,26,Indiana Pacers,IND,2689,23.8,3.4,8.3,4.5,2.6,18,2.9,5,6.6,0.8,0.4,1.6,2.8,22.5,46.5,95.9,1.005213764,0.005502608
151,Marcus Georges-Hunt,SG,22,Orlando Magic,ORL,48,10.5,2.3,1.5,6.8,0.7,5.2,1.5,7.5,6.8,0.7,0,0.7,3.7,22.2,44,96.8,0.995867769,0.141514315
152,Jonathan Gibson,PG,29,Dallas Mavericks,DAL,231,16.5,4.1,5.5,3.3,2.3,14.8,3.3,4.5,3.4,0.2,0,1.2,3.3,20.8,44,92.2,1.045553145,0.030770017
153,Taj Gibson,PF,31,Oklahoma City Thunder,OKC,487,15.3,1,6.6,2.1,0.1,13.2,2.1,2.9,7.6,2.8,1.1,1,3,21,45.2,97.8,0.985685072,0.021210853
154,Manu Ginobili,SG,39,San Antonio Spurs,SAS,1291,14.4,5.1,4.8,2.4,2.5,12.2,2.7,3,4.4,0.8,0.4,2.3,3.3,23.8,46.9,94.2,1.023354565,0.008060809
155,Rudy Gobert,C,24,Utah Jazz,UTA,2744,14.9,1.3,5.4,4.1,0,8.2,1.9,6.2,13.6,4.1,2.8,0.6,3.2,20.1,46.6,91.6,1.052401747,0.006172722
156,Archie Goodwin,SG,22,Brooklyn Nets,BRK,184,18.6,4.5,6.7,4.5,0.8,11.9,2.7,6.3,5.5,1.4,0.8,0.8,1.4,21.4,44.4,101.3,0.951628825,0.074065836
157,Aaron Gordon,SF,21,Orlando Magic,ORL,2298,16,2.3,6.2,2.4,1.2,13.6,1.4,3.4,6.3,1.8,0.6,1,2.7,22.2,44,96.8,0.995867769,0.004609657
158,Eric Gordon,SG,28,Houston Rockets,HOU,2323,18.9,2.9,6.4,2.3,3.8,15.7,1.9,2.7,3.1,0.4,0.6,0.7,2.3,25.2,46.2,100,0.964,0.004202145
159,Marcin Gortat,C,32,Washington Wizards,WAS,2556,12.4,1.7,5.5,1.5,0,9.5,1.7,2.2,12,3.4,0.9,0.6,3,23.9,47.5,97.4,0.98973306,0.004563389
160,Treveon Graham,SG,23,Charlotte Hornets,CHO,189,10.9,1.1,3.6,1.9,1.7,7.6,0.6,2.9,4.2,1,0.2,1.1,3.4,23.1,44.2,95.7,1.007314525,0.040977978
161,Jerami Grant,SF,22,Oklahoma City Thunder,OKC,1490,10.2,1.1,3.5,2.1,1,7.5,1,3.4,4.8,0.9,1.8,0.8,3.5,21,45.2,97.8,0.985685072,0.005032238
162,Jerian Grant,PG,24,Chicago Bulls,CHI,1028,13,4.2,4.5,2.3,1.7,10.5,1.5,2.6,3.9,0.6,0.3,1.6,3.3,22.6,44.4,95.3,1.011542497,0.009501809
163,Danny Green,SG,29,San Antonio Spurs,SAS,1807,9.9,2.5,3.5,0.5,2.4,8.9,1.5,0.6,4.5,0.6,1.1,1.4,2.4,23.8,46.9,94.2,1.023354565,0.004340653
164,Draymond Green,PF,26,Golden State Warriors,GSW,2471,11.3,7.8,4,2.2,1.2,9.5,2.7,3.1,8.7,1.4,1.5,2.2,3.2,30.4,49.5,99.8,0.965931864,0.004892181
165,Gerald Green,SF,31,Boston Celtics,BOS,538,17.5,2.2,6.4,2.2,2.6,15.5,1.7,2.7,5.6,1.1,0.5,0.6,3.2,25.2,45.4,96.8,0.995867769,0.017011239
166,JaMychal Green,PF,26,Memphis Grizzlies,MEM,2101,11.8,1.4,4.3,2.3,0.9,8.6,1.6,2.9,9.3,2.9,0.6,0.8,4.2,21.3,43.5,92.3,1.044420368,0.004764879
167,Jeff Green,PF,30,Orlando Magic,ORL,1534,15,1.9,5.2,3.4,1.2,13.1,1.8,3.9,5,0.9,0.3,0.9,2.4,22.2,44,96.8,0.995867769,0.005008303
168,Blake Griffin,PF,27,LA Clippers,LAC,2076,22.8,5.2,8.3,5.5,0.7,16.8,2.5,7.3,8.6,1.9,0.4,1,2.7,22.5,47.5,96.1,1.003121748,0.00784772
169,Justin Hamilton,C,26,Brooklyn Nets,BRK,1177,13.5,1.7,5.3,1.2,1.7,11.6,1.3,1.6,8,2.2,1.3,0.9,2.8,21.4,44.4,101.3,0.951628825,0.008655354
170,A.J. Hammons,C,24,Dallas Mavericks,DAL,163,10.6,0.9,3.8,2,1.1,9.3,2.2,4.4,8,1.8,2.9,0.2,4.6,20.8,44,92.2,1.045553145,0.039903621
171,Tim Hardaway,SG,24,Atlanta Hawks,ATL,2154,19.1,3,6.9,2.7,2.5,15.2,1.8,3.6,3.7,0.6,0.3,0.9,1.7,23.6,45.1,97.4,0.98973306,0.005185688
172,James Harden,PG,27,Houston Rockets,HOU,2947,28.8,11.1,8.2,9.1,3.2,18.7,5.7,10.8,8.1,1.2,0.5,1.5,2.6,25.2,46.2,100,0.964,0.006462855
173,Maurice Harkless,SF,23,Portland Trail Blazers,POR,2223,12.5,1.4,5.1,1.2,1.1,10.1,1.4,2,5.5,2,1.1,1.4,3.5,21.1,45.9,96.7,0.996897622,0.004400208
174,Justin Harper,PF,27,Philadelphia 76ers,PHI,31,13.9,2.3,5.8,0,2.3,13.9,4.6,0,5.8,2.3,0,0,2.3,23.8,44.2,98.5,0.978680203,0.137571225
175,Montrezl Harrell,C,23,Houston Rockets,HOU,1064,17.8,2.2,7.6,2.6,0,11.7,1.5,4.1,7.4,2.7,1.4,0.7,4.3,25.2,46.2,100,0.964,0.013243041
176,Devin Harris,PG,33,Dallas Mavericks,DAL,1087,14.5,4.5,4.5,3.5,1.9,11.3,1.9,4.3,4.2,0.4,0.2,1.4,3.3,20.8,44,92.2,1.045553145,0.00911342
177,Gary Harris,SG,22,Denver Nuggets,DEN,1782,17.2,3.3,6.5,2.1,2.2,12.9,1.5,2.7,3.6,1,0.2,1.4,1.9,25.3,46.9,98.3,0.980671414,0.00691765
178,Joe Harris,SG,25,Brooklyn Nets,BRK,1138,13.5,1.7,4.9,1.1,2.7,11.5,1.7,1.6,4.7,0.5,0.3,0.9,3.8,21.4,44.4,101.3,0.951628825,0.006094075
179,Manny Harris,SG,27,Dallas Mavericks,DAL,25,11.5,2.9,4.3,2.9,0,21.6,2.9,5.8,13,4.3,0,0,1.4,20.8,44,92.2,1.045553145,-0.056922048
180,Tobias Harris,PF,24,Detroit Pistons,DET,2567,18.5,2,7.2,2.7,1.5,14.9,1.3,3.2,5.8,0.9,0.5,0.8,1.9,21.1,44.9,95,1.014736842,0.004842133
181,Aaron Harrison,SG,22,Charlotte Hornets,CHO,17,2.1,6.4,0,2.1,0,8.5,0,4.2,6.4,0,0,0,4.2,23.1,44.2,95.7,1.007314525,-0.089936151
182,Andrew Harrison,PG,22,Memphis Grizzlies,MEM,1474,10.4,4.8,2.9,3.6,1.1,8.8,2.1,4.7,3.3,0.6,0.5,1.3,4.7,21.3,43.5,92.3,1.044420368,0.004317403
183,Udonis Haslem,C,36,Miami Heat,MIA,130,8.6,1.7,3,2.5,0,6.4,2.2,4.2,10,2.2,0.3,1.7,6.1,21.2,45.5,95.2,1.012605042,0.049391563
184,Spencer Hawes,PF,28,Milwaukee Bucks,MIL,171,17.5,4,6.3,2.9,1.9,12.4,1.9,3.8,9.5,1.3,0.8,0.4,3.4,24.2,47.4,94.5,1.02010582,0.079579729
185,Gordon Hayward,SF,26,Utah Jazz,UTA,2516,22.9,3.6,7.8,5.2,2.1,16.5,2,6.1,5.6,0.7,0.3,1,1.7,20.1,46.6,91.6,1.052401747,0.00642082
186,Gerald Henderson,SG,29,Philadelphia 76ers,PHI,1667,14.3,2.4,5.1,2.9,1.3,11.9,1.3,3.6,4,0.7,0.3,0.9,2.8,23.8,44.2,98.5,0.978680203,0.004884054
187,John Henson,C,26,Milwaukee Bucks,MIL,1123,12.6,1.8,5.1,2.4,0,9.9,1.7,3.4,9.5,2.9,2.5,0.9,4.8,24.2,47.4,94.5,1.02010582,0.010113584
188,Juan Hernangomez,PF,21,Denver Nuggets,DEN,842,13,1.2,4.3,2.4,2,9.6,1.3,3.2,8,1.8,0.5,1.3,2.7,25.3,46.9,98.3,0.980671414,0.011560703
189,Willy Hernangomez,C,22,New York Knicks,NYK,1324,16,2.6,6.7,2.5,0.1,12.6,2.7,3.4,13.6,4.6,1,1.1,4.1,21.8,44.7,96,1.004166667,0.010581677
190,Mario Hezonja,SF,21,Orlando Magic,ORL,960,11.9,2.3,4.4,1.5,1.6,12.4,2.2,1.9,5.5,0.7,0.6,1.1,2.8,22.2,44,96.8,0.995867769,0.005667085
191,Roy Hibbert,C,30,Denver Nuggets,DEN,11,13.1,3.3,6.5,0,0,9.8,3.3,0,6.5,3.3,6.5,0,9.8,25.3,46.9,98.3,0.980671414,1.122080477
192,Buddy Hield,SG,23,Sacramento Kings,SAC,727,18.7,2.2,7,1.7,2.9,14.7,2.6,2.1,5.1,0.8,0.1,1,1.7,22.5,46.1,94.9,1.015806112,0.015344882
193,Nene Hilario,C,34,Houston Rockets,HOU,1198,18.3,2,7.4,3.5,0.1,11.9,2.2,5.9,8.5,2.9,1.2,1.7,4.9,25.2,46.2,100,0.964,0.011700552
194,George Hill,PG,30,Utah Jazz,UTA,1544,19.3,4.8,6.7,3.7,2.2,14.1,2,4.6,3.9,0.5,0.3,1.2,2.7,20.1,46.6,91.6,1.052401747,0.009232985
195,Jordan Hill,C,29,Minnesota Timberwolves,MIN,47,9.2,0,3.8,1.5,0,10,3.1,1.5,10.7,6.1,0,0.8,6.9,23.7,46.7,94.6,1.019027484,0.088456968
196,Solomon Hill,SF,25,New Orleans Pelicans,NOP,2374,8.5,2.1,2.8,1.6,1.4,7.2,1.2,1.9,4.7,0.8,0.5,1.1,2.8,22.8,45,98,0.983673469,0.002610631
197,Darrun Hilliard,SG,23,Detroit Pistons,DET,381,12,3.1,4.4,2,1.1,11.9,2.6,2.6,3.1,0.2,0.2,1,3.7,21.1,44.9,95,1.014736842,0.011318224
198,Jrue Holiday,PG,26,New Orleans Pelicans,NOP,2190,16.9,8,6.7,2,1.6,14.7,3.2,2.8,4.3,0.8,0.7,1.6,2.2,22.8,45,98,0.983673469,0.005790283
199,Justin Holiday,SG,27,New York Knicks,NYK,1639,13.8,2.2,5.1,1.4,2.1,11.8,1.4,1.8,4.9,0.6,0.7,1.4,2.4,21.8,44.7,96,1.004166667,0.005702019
200,Rondae Hollis-Jefferson,SF,22,Brooklyn Nets,BRK,1761,13.8,3.1,4.8,3.9,0.3,11.1,2.4,5.2,9.2,2,0.9,1.7,3.6,21.4,44.4,101.3,0.951628825,0.005578198
201,Richaun Holmes,C,23,Philadelphia 76ers,PHI,1193,16.9,1.8,6.9,2.2,0.8,12.4,1.7,3.1,9.4,2.8,1.7,1.3,4.1,23.8,44.2,98.5,0.978680203,0.011577364
202,Rodney Hood,SG,24,Utah Jazz,UTA,1593,16.9,2.2,6.1,2,2.6,15.1,1.5,2.6,4.6,0.4,0.2,0.9,3,20.1,46.6,91.6,1.052401747,0.00580908
203,Al Horford,C,30,Boston Celtics,BOS,2193,15.6,5.5,6.2,1.8,1.4,13.1,1.9,2.2,7.6,1.6,1.4,0.9,2.3,25.2,45.4,96.8,0.995867769,0.006056004
204,Danuel House,SG,23,Washington Wizards,WAS,1,0,0,0,0,0,0,0,0,36,0,0,0,0,23.9,47.5,97.4,0.98973306,9.115152605
205,Dwight Howard,C,31,Atlanta Hawks,ATL,2199,16.4,1.7,6.4,3.7,0,10,2.8,6.9,15.4,4.8,1.5,1,3.3,23.6,45.1,97.4,0.98973306,0.00695065
206,Marcelo Huertas,PG,33,Los Angeles Lakers,LAL,237,9.6,7.9,3.8,1.4,0.6,10.3,2.9,2.6,3.6,0.3,0.3,1.5,2.4,20.9,45,98.5,0.978680203,0.028806344
207,Josh Huestis,PF,25,Oklahoma City Thunder,OKC,31,16.3,3.5,7,0,2.3,12.8,0,1.2,10.5,4.6,3.5,0,0,21,45.2,97.8,0.985685072,0.630571225
208,Kris Humphries,PF,31,Atlanta Hawks,ATL,689,13.4,1.5,4.5,3.3,1,11.2,1.5,4.3,10.8,3.1,1.1,0.8,3.6,23.6,45.1,97.4,0.98973306,0.014097449
209,R.J. Hunter,SG,23,Chicago Bulls,CHI,9,0,0,0,0,0,4,0,0,4,0,0,0,0,22.6,44.4,95.3,1.011542497,-0.217522482
210,Serge Ibaka,PF,27,Toronto Raptors,TOR,712,16.5,0.8,6.5,1.5,2.1,14.1,2,1.7,7.9,1.5,1.7,0.4,3.8,18.5,46.4,94.7,1.017951426,0.014892108
211,Andre Iguodala,SF,33,Golden State Warriors,GSW,1998,10.3,4.7,3.9,1.3,1.2,7.5,1,1.8,5.5,0.9,0.7,1.4,1.7,30.4,49.5,99.8,0.965931864,0.005381496
212,Ersan Ilyasova,PF,29,Atlanta Hawks,ATL,633,15.4,2.4,5.3,3,1.8,12.9,1.9,3.7,8.6,2.4,0.5,1.3,4.2,23.6,45.1,97.4,0.98973306,0.015939846
213,Joe Ingles,SF,29,Utah Jazz,UTA,1972,10.6,4.1,3.7,0.9,2.2,8.2,2,1.2,4.8,0.4,0.1,1.8,3,20.1,46.6,91.6,1.052401747,0.00469705
214,Brandon Ingram,SF,19,Los Angeles Lakers,LAL,2279,11.7,2.6,4.4,2.1,0.9,10.8,1.8,3.4,5,0.9,0.6,0.8,2.5,20.9,45,98.5,0.978680203,0.002865953
215,Kyrie Irving,PG,24,Cleveland Cavaliers,CLE,2525,25.9,6,9.6,4.2,2.5,20.2,2.6,4.7,3.3,0.7,0.3,1.2,2.2,22.7,47,96.2,1.002079002,0.006656969
216,Jarrett Jack,PG,33,New Orleans Pelicans,NOP,33,6.5,5.5,2.2,2.2,0,3.3,3.3,2.2,0,0,0,2.2,4.4,22.8,45,98,0.983673469,0.171797625
217,Demetrius Jackson,PG,22,Boston Celtics,BOS,17,21.2,6.4,6.4,6.4,2.1,8.5,0,12.7,8.5,4.2,0,0,0,25.2,45.4,96.8,0.995867769,1.302748864
218,Pierre Jackson,PG,25,Dallas Mavericks,DAL,84,15,8.1,5.6,2.6,1.3,16.7,1.3,3,3.9,0.4,0,0.9,2.1,20.8,44,92.2,1.045553145,0.117304034
219,Reggie Jackson,PG,26,Detroit Pistons,DET,1424,19,6.8,7.2,3,1.7,17.1,2.9,3.4,2.9,0.5,0.1,0.9,3.3,21.1,44.9,95,1.014736842,0.007676045
220,LeBron James,SF,32,Cleveland Cavaliers,CLE,2794,25.2,8.3,9.5,4.6,1.6,17.3,3.9,6.8,8.2,1.2,0.6,1.2,1.7,22.7,47,96.2,1.002079002,0.00705258
221,Al Jefferson,C,32,Indiana Pacers,IND,931,20.7,2.2,9.1,2.5,0,18.2,1.3,3.3,10.7,2.9,0.6,0.7,4.8,22.5,46.5,95.9,1.005213764,0.015056674
222,Richard Jefferson,SF,36,Cleveland Cavaliers,CLE,1614,10,1.7,3.4,1.8,1.4,7.7,1.2,2.4,4.5,0.6,0.2,0.6,3.4,22.7,47,96.2,1.002079002,0.003765143
223,John Jenkins,SG,25,Phoenix Suns,PHO,13,19.4,2.8,5.5,5.5,2.8,13.8,0,5.5,2.8,0,0,0,0,19.6,45,100.3,0.96111665,0.942250618
224,Brandon Jennings,PG,27,Washington Wizards,WAS,374,7.8,10.4,2.8,1.2,1.1,10.2,2.1,1.6,4.2,0.8,0,1.4,3.1,23.9,47.5,97.4,0.98973306,0.019797635
225,Jonas Jerebko,PF,29,Boston Celtics,BOS,1232,8.7,2.1,3.3,0.8,1.3,7.7,1.1,1.1,7.9,1.7,0.5,0.7,3.6,25.2,45.4,96.8,0.995867769,0.005713612
226,Amir Johnson,PF,29,Boston Celtics,BOS,1608,11.6,3.1,4.8,1.5,0.6,8.3,1.7,2.2,8.2,2.6,1.4,1.1,4.7,25.2,45.4,96.8,0.995867769,0.007017843
227,Brice Johnson,PF,22,LA Clippers,LAC,9,16,4,8,0,0,28,4,0,12,4,4,8,0,22.5,47.5,96.1,1.003121748,1.464928738
228,James Johnson,PF,29,Miami Heat,MIA,2085,16.8,4.8,6.4,2.6,1.5,13.3,3,3.7,6.5,1.1,1.5,1.3,3.4,21.2,45.5,95.2,1.012605042,0.006017601
229,Joe Johnson,SF,35,Utah Jazz,UTA,1843,14,2.8,5.3,1.2,2.1,12.2,1.3,1.5,4.7,0.6,0.4,0.7,1.8,20.1,46.6,91.6,1.052401747,0.005270991
230,Stanley Johnson,SF,20,Detroit Pistons,DET,1371,8.9,2.8,3.4,0.9,1.2,9.6,1.9,1.4,5,0.9,0.6,1.5,3.2,21.1,44.9,95,1.014736842,0.003947422
231,Tyler Johnson,PG,24,Miami Heat,MIA,2178,16.6,3.9,5.9,3.2,1.5,13.6,1.5,4.2,4.8,0.8,0.7,1.4,2.9,21.2,45.5,95.2,1.012605042,0.005305778
232,Wesley Johnson,SF,29,LA Clippers,LAC,810,8.3,1,3.2,0.5,1.3,8.9,0.8,0.8,8,1.2,1.3,1.3,3.7,22.5,47.5,96.1,1.003121748,0.007835677
233,Nikola Jokic,C,21,Denver Nuggets,DEN,2038,21.6,6.3,8.7,3.3,0.8,15.1,3,4,12.7,3.7,1,1.1,3.8,25.3,46.9,98.3,0.980671414,0.009404312
234,Dahntay Jones,SF,36,Cleveland Cavaliers,CLE,12,27,3,9,9,0,24,3,12,6,3,0,0,3,22.7,47,96.2,1.002079002,0.837949643
235,Damian Jones,C,21,Golden State Warriors,GSW,85,8,0,3.4,1.3,0,6.8,2.5,4.2,9.7,3.8,1.7,0.4,6.4,30.4,49.5,99.8,0.965931864,0.04954958
236,Derrick Jones,SF,19,Phoenix Suns,PHO,545,11.1,0.8,4.5,1.9,0.2,8,0.9,2.7,5.2,2.6,0.9,0.9,4.2,19.6,45,100.3,0.96111665,0.01617034
237,James Jones,SF,36,Cleveland Cavaliers,CLE,381,12.5,1.3,4.2,1.2,2.9,8.7,0.9,1.9,3.5,0.3,0.9,0.6,3.5,22.7,47,96.2,1.002079002,0.022207877
238,Terrence Jones,PF,25,Milwaukee Bucks,MIL,6,0,0,0,0,0,18,0,0,18,0,6,6,0,24.2,47.4,94.5,1.02010582,0.232149957
239,Tyus Jones,PG,20,Minnesota Timberwolves,MIN,774,9.7,7.3,3.5,1.5,1.2,8.4,1.8,2,3.1,0.5,0.2,2.2,2.3,23.7,46.7,94.6,1.019027484,0.01327923
240,DeAndre Jordan,C,28,LA Clippers,LAC,2570,14.4,1.3,5.8,2.9,0,8.1,1.6,6,15.6,4.2,1.9,0.7,3,22.5,47.5,96.1,1.003121748,0.006237922
241,Cory Joseph,PG,25,Toronto Raptors,TOR,2003,13.3,4.8,5.4,1.7,0.9,11.9,1.9,2.2,4.2,0.9,0.2,1.2,2.5,18.5,46.4,94.7,1.017951426,0.00498989
242,Frank Kaminsky,C,23,Charlotte Hornets,CHO,1954,16.1,3,5.9,2.2,2.1,14.8,1.4,2.9,6.2,1.1,0.6,0.8,2.6,23.1,44.2,95.7,1.007314525,0.004934698
243,Enes Kanter,C,24,Oklahoma City Thunder,OKC,1533,24.3,1.6,9.4,5.3,0.1,17.3,2.9,6.7,11.3,4.6,0.9,0.8,3.6,21,45.2,97.8,0.985685072,0.01115641
244,Ryan Kelly,PF,25,Atlanta Hawks,ATL,110,8.2,2.6,2.6,1.6,1.3,9.2,1.3,2,5.9,0.3,1.6,1.3,1.6,23.6,45.1,97.4,0.98973306,0.051911357
245,Michael Kidd-Gilchrist,SF,23,Charlotte Hornets,CHO,2349,11.4,1.7,4.5,2.3,0,9.5,0.9,3,8.7,2.4,1.2,1.2,2.9,23.1,44.2,95.7,1.007314525,0.004370912
246,Sean Kilpatrick,SG,27,Brooklyn Nets,BRK,1754,18.9,3.2,6.3,4.2,2.2,15.1,2.8,5,5.7,0.5,0.1,0.9,2.4,21.4,44.4,101.3,0.951628825,0.005441017
247,Brandon Knight,SG,25,Phoenix Suns,PHO,1140,18.8,4.1,6.6,4.2,1.4,16.6,2.8,4.9,3.7,0.8,0.2,0.9,2.7,19.6,45,100.3,0.96111665,0.007847627
248,Kyle Korver,SG,35,Cleveland Cavaliers,CLE,859,15.6,1.5,5.5,0.6,4.1,11.3,1.2,0.6,4.1,0.3,0.3,0.5,2.5,22.7,47,96.2,1.002079002,0.012080804
249,Kosta Koufos,C,27,Sacramento Kings,SAC,1419,11.9,1.2,5.5,1,0,9.9,1.5,1.6,10.2,3,1.2,0.9,4.4,22.5,46.1,94.9,1.015806112,0.007481092
250,Mindaugas Kuzminskas,SF,27,New York Knicks,NYK,1016,15.1,2.4,5.6,1.9,1.9,13.1,1.8,2.4,4.5,1.7,0.4,1,2.8,21.8,44.7,96,1.004166667,0.008965509
251,Skal Labissiere,PF,20,Sacramento Kings,SAC,612,17,1.6,6.9,3.1,0.2,12.8,2.2,4.4,9.5,3,0.8,0.9,3.8,22.5,46.1,94.9,1.015806112,0.020509634
252,Jeremy Lamb,SG,24,Charlotte Hornets,CHO,1143,19,2.4,7.1,3.5,1.3,15.5,1.3,4.1,8.3,0.9,0.7,0.9,3.1,23.1,44.2,95.7,1.007314525,0.010862745
253,Nicolas Laprovittola,PG,27,San Antonio Spurs,SAS,174,12.2,5.8,4.1,1.9,2.1,9.7,3.9,1.9,2.1,0.2,0.2,0.8,3.9,23.8,46.9,94.2,1.023354565,0.036687521
254,Joffrey Lauvergne,C,25,Chicago Bulls,CHI,241,13.3,2.8,5.5,1.3,0.9,13.7,2.4,2.2,10.2,3.1,0,1,1.8,22.6,44.4,95.3,1.011542497,0.035679131
255,Zach LaVine,SG,21,Minnesota Timberwolves,MIN,1749,18.3,2.9,6.7,2.4,2.5,14.6,1.7,2.9,3.3,0.4,0.2,0.8,2.1,23.7,46.7,94.6,1.019027484,0.006284501
256,Ty Lawson,PG,29,Sacramento Kings,SAC,1732,14.2,6.9,4.9,3.6,0.7,10.8,2.7,4.5,3.7,0.9,0.1,1.5,2.5,22.5,46.1,94.9,1.015806112,0.006384641
257,Jake Layman,SF,22,Portland Trail Blazers,POR,249,11.3,1.6,3.8,1.9,1.9,12.9,1.6,2.5,3.5,0.9,0.4,1.3,3.2,21.1,45.9,96.7,0.996897622,0.015535714
258,Courtney Lee,SG,31,New York Knicks,NYK,2459,12.2,2.6,4.7,1.2,1.6,10.3,1,1.4,3.8,0.8,0.4,1.2,2.1,21.8,44.7,96,1.004166667,0.003729761
259,David Lee,PF,33,San Antonio Spurs,SAS,1477,14,3,6,1.9,0,10.2,2,2.8,10.7,3.6,1,0.8,3,23.8,46.9,94.2,1.023354565,0.009220269
260,Alex Len,C,23,Phoenix Suns,PHO,1560,14.1,1,5.3,3.5,0.1,10.7,2.4,4.8,11.8,3.6,2.3,0.9,5.6,19.6,45,100.3,0.96111665,0.006989169
261,Kawhi Leonard,SF,25,San Antonio Spurs,SAS,2474,27.5,3.8,9.3,6.8,2.1,19.1,2.2,7.8,6.3,1.2,0.8,1.9,1.8,23.8,46.9,94.2,1.023354565,0.008004801
262,Meyers Leonard,PF,24,Portland Trail Blazers,POR,1222,11.8,2.1,4.3,1,2.2,11.1,1,1.2,7,0.8,0.8,0.4,5.1,21.1,45.9,96.7,0.996897622,0.005599883
263,Jon Leuer,PF,27,Detroit Pistons,DET,1944,14.2,2.1,5.7,1.8,0.9,12,1.2,2.1,7.4,1.9,0.5,0.6,2.7,21.1,44.9,95,1.014736842,0.005349495
264,Caris LeVert,SF,22,Brooklyn Nets,BRK,1237,13.6,3.2,5,1.9,1.7,11.1,1.7,2.7,5.5,0.7,0.2,1.4,2.6,21.4,44.4,101.3,0.951628825,0.007334864
265,DeAndre Liggins,SG,28,Dallas Mavericks,DAL,25,11.5,0,4.3,2.9,0,8.6,0,4.3,10.1,4.3,0,2.9,4.3,20.8,44,92.2,1.045553145,0.515839499
266,Damian Lillard,PG,26,Portland Trail Blazers,POR,2694,27,5.9,8.8,6.5,2.9,19.9,2.6,7.3,4.9,0.6,0.3,0.9,2,21.1,45.9,96.7,0.996897622,0.006374774
267,Jeremy Lin,PG,28,Brooklyn Nets,BRK,883,21.3,7.5,7.1,4.7,2.4,16.3,3.5,5.7,5.5,0.4,0.6,1.7,3.2,21.4,44.4,101.3,0.951628825,0.015693491
268,Shaun Livingston,PG,31,Golden State Warriors,GSW,1345,10.4,3.7,4.6,1.1,0,8.5,1.7,1.6,4,0.7,0.5,1,3.2,30.4,49.5,99.8,0.965931864,0.005516058
269,Shawn Long,C,24,Philadelphia 76ers,PHI,234,22.8,2,9.4,2.9,1.1,16.8,2,5.4,13.1,6.3,1.4,1.4,7.5,23.8,44.2,98.5,0.978680203,0.076529696
270,Kevon Looney,C,20,Golden State Warriors,GSW,447,10.9,2.3,4.5,1.7,0.2,8.6,1.4,2.7,10,3.5,1.4,1.2,5.2,30.4,49.5,99.8,0.965931864,0.022614609
271,Brook Lopez,C,28,Brooklyn Nets,BRK,2222,24.9,2.9,9,4.8,2.2,19,3,5.9,6.5,2,2,0.6,3.1,21.4,44.4,101.3,0.951628825,0.006691407
272,Robin Lopez,C,28,Chicago Bulls,CHI,2271,13.3,1.3,6.1,1.2,0,12.3,1.4,1.6,8.2,3.9,1.9,0.3,2.4,22.6,44.4,95.3,1.011542497,0.004896969
273,Kevin Love,PF,28,Cleveland Cavaliers,CLE,1885,21.8,2.2,7.1,4.9,2.8,16.6,2.3,5.6,12.7,2.8,0.4,1,2.4,22.7,47,96.2,1.002079002,0.008102103
274,Kyle Lowry,PG,30,Toronto Raptors,TOR,2244,21.6,6.7,6.8,4.8,3.1,14.7,2.8,5.9,4.6,0.8,0.3,1.4,2.7,18.5,46.4,94.7,1.017951426,0.007329103
275,John Lucas III,PG,34,Minnesota Timberwolves,MIN,11,6.5,3.3,3.3,0,0,13.1,0,0,0,0,0,6.5,0,23.7,46.7,94.6,1.019027484,0.652619539
276,Timothe Luwawu-Cabarrot,SF,21,Philadelphia 76ers,PHI,1190,13.5,2.3,4.4,3.2,1.5,10.9,2.2,3.7,4.5,0.8,0.3,1,4.7,23.8,44.2,98.5,0.978680203,0.005333732
277,Trey Lyles,PF,21,Utah Jazz,UTA,1158,13.7,2.1,4.9,1.8,2,13.6,2,2.5,7.3,1.5,0.6,0.8,3,20.1,46.6,91.6,1.052401747,0.006420273
278,Sheldon Mac,SG,24,Washington Wizards,WAS,287,11.3,1.9,3.8,2.9,0.9,9.4,0.6,3.4,4.3,0.5,0.3,1,2.1,23.9,47.5,97.4,0.98973306,0.026312297
279,Shelvin Mack,PG,26,Utah Jazz,UTA,1205,12.8,4.6,5.1,1.6,1.1,11.4,2.7,2.3,3.7,0.6,0.1,1.3,3,20.1,46.6,91.6,1.052401747,0.006951749
280,Ian Mahinmi,C,30,Washington Wizards,WAS,555,11.2,1.2,4.2,2.8,0,7.2,2.2,4.9,9.7,3,1.6,2.1,5.8,23.9,47.5,97.4,0.98973306,0.018395418
281,Thon Maker,C,19,Milwaukee Bucks,MIL,562,14.5,1.5,5.3,2,1.8,11.6,1.1,3.1,7.3,2.6,1.7,0.6,5.4,24.2,47.4,94.5,1.02010582,0.018610926
282,Boban Marjanovic,C,28,Detroit Pistons,DET,293,23.5,1.1,8.8,5.8,0,16.2,1.2,7.1,16,5.7,1.5,0.7,3.1,21.1,44.9,95,1.014736842,0.07212348
283,Jarell Martin,PF,22,Memphis Grizzlies,MEM,558,10.6,0.5,3.7,2.6,0.6,9.7,1.8,3.2,10.5,2.7,0.6,1.1,5.9,21.3,43.5,92.3,1.044420368,0.0115895
284,Wesley Matthews,SG,30,Dallas Mavericks,DAL,2495,14.2,3,4.8,2.1,2.5,12.2,1.5,2.6,3.7,0.3,0.2,1.1,2.3,20.8,44,92.2,1.045553145,0.003533297
285,Luc Mbah a Moute,SF,30,LA Clippers,LAC,1787,9.8,0.8,3.8,1.2,0.9,7.6,0.9,1.8,3.4,0.9,0.7,1.6,2.5,22.5,47.5,96.1,1.003121748,0.004280592
286,James Michael McAdoo,PF,24,Golden State Warriors,GSW,457,11.6,1.4,4.9,1.7,0.2,9.2,1.5,3.3,7.2,2.7,2.3,1.4,3.7,30.4,49.5,99.8,0.965931864,0.021841985
287,Patrick McCaw,SG,21,Golden State Warriors,GSW,1074,9.5,2.6,3.6,1,1.4,8.2,1.2,1.2,3.4,0.7,0.5,1.1,2.1,30.4,49.5,99.8,0.965931864,0.006362914
288,C.J. McCollum,SG,25,Portland Trail Blazers,POR,2796,23.7,3.7,8.9,3.5,2.4,18.6,2.2,3.8,3.7,0.8,0.5,0.9,2.6,21.1,45.9,96.7,0.996897622,0.00522734
289,T.J. McConnell,PG,24,Philadelphia 76ers,PHI,2133,9.4,9,4,1.2,0.2,8.6,2.7,1.5,4.2,0.7,0.2,2.3,2.3,23.8,44.2,98.5,0.978680203,0.004878412
290,Chris McCullough,PF,21,Washington Wizards,WAS,8,4.5,0,0,4.5,0,4.5,4.5,9,9,0,0,4.5,0,23.9,47.5,97.4,0.98973306,0.052549434
291,K.J. McDaniels,SF,23,Brooklyn Nets,BRK,293,15.5,1.1,5.7,2.8,1.4,12.4,2.3,3.4,6.4,1.1,1.2,1.5,3.1,21.4,44.4,101.3,0.951628825,0.032039167
292,Doug McDermott,SF,25,Oklahoma City Thunder,OKC,430,12.1,1.1,4.7,1,1.8,10.4,0.5,1.4,4.1,0.5,0.1,0.2,1.8,21,45.2,97.8,0.985685072,0.016766605
293,JaVale McGee,C,29,Golden State Warriors,GSW,739,23,0.8,10.1,2.7,0,15.5,1.9,5.4,11.9,4.9,3.3,0.9,5.3,30.4,49.5,99.8,0.965931864,0.025188678
294,Rodney McGruder,SG,25,Miami Heat,MIA,1966,9.1,2.3,3.5,0.8,1.3,8.4,1,1.3,4.7,1.7,0.3,0.8,2.6,21.2,45.5,95.2,1.012605042,0.003513954
295,Ben McLemore,SG,23,Sacramento Kings,SAC,1176,15.2,1.6,5.5,2.1,2,12.8,1.9,2.8,3.9,0.6,0.2,0.9,3.3,22.5,46.1,94.9,1.015806112,0.006369344
296,Jordan McRae,SG,25,Cleveland Cavaliers,CLE,384,15.1,1.8,5.4,2.5,1.7,14.1,1.3,3.2,3.8,0.6,0.6,0.7,2.9,22.7,47,96.2,1.002079002,0.018486354
297,Josh McRoberts,PF,29,Miami Heat,MIA,381,10.1,4.7,4.2,0.6,1.2,11.1,2.2,0.9,7,2.2,0.4,0.9,2.9,21.2,45.5,95.2,1.012605042,0.019888984
298,Jodie Meeks,SG,29,Orlando Magic,ORL,738,16,2.2,5,3.2,2.7,12.5,1.8,3.6,3.8,0.2,0.2,1.7,2,22.2,44,96.8,0.995867769,0.012829179
299,Salah Mejri,C,30,Dallas Mavericks,DAL,905,8.5,0.6,3.5,1.4,0,5.4,1.6,2.4,12.3,3.9,2.4,1.3,6,20.8,44,92.2,1.045553145,0.012257707
300,Jordan Mickey,PF,22,Boston Celtics,BOS,141,9.7,1.8,3.8,2,0,8.7,2.3,3.6,8.7,3.3,1.5,0.8,3.1,25.2,45.4,96.8,0.995867769,0.051299654
301,Khris Middleton,SF,25,Milwaukee Bucks,MIL,889,17.3,4,6.1,3.3,1.8,13.5,2.6,3.7,5,0.4,0.3,1.7,3.2,24.2,47.4,94.5,1.02010582,0.012646756
302,C.J. Miles,SF,29,Indiana Pacers,IND,1776,16.5,1,5.7,1.7,3.4,13.1,0.8,1.9,4.6,0.6,0.5,0.9,3.1,22.5,46.5,95.9,1.005213764,0.005776032
303,Mike Miller,SF,36,Denver Nuggets,DEN,151,6.7,5.2,2.1,0.5,1.9,5.5,3.1,0.5,9.1,0.5,0,0.5,2.1,25.3,46.9,98.3,0.980671414,0.038103389
304,Patty Mills,PG,28,San Antonio Spurs,SAS,1754,15.6,5.7,5.6,1.4,3,12.7,2.1,1.6,2.9,0.5,0.1,1.3,2.2,23.8,46.9,94.2,1.023354565,0.00657181
305,Elijah Millsap,SG,29,Phoenix Suns,PHO,23,4.7,1.6,1.6,1.6,0,11,3.1,3.1,9.4,4.7,0,0,3.1,19.6,45,100.3,0.96111665,-0.095083481
306,Paul Millsap,PF,31,Atlanta Hawks,ATL,2343,19.1,3.9,6.6,4.8,1.2,14.9,2.4,6.2,8.2,1.7,1,1.4,2.9,23.6,45.1,97.4,0.98973306,0.005577695
307,Nikola Mirotic,PF,25,Chicago Bulls,CHI,1679,16,1.6,5.5,2.1,2.8,13.4,1.7,2.7,8.2,1.3,1.2,1.1,2.7,22.6,44.4,95.3,1.011542497,0.006360474
308,Greg Monroe,C,26,Milwaukee Bucks,MIL,1823,18.8,3.7,7.6,3.5,0,14.3,2.8,4.7,10.5,3.3,0.8,1.8,3.3,24.2,47.4,94.5,1.02010582,0.008520689
309,E'Twaun Moore,SG,27,New Orleans Pelicans,NOP,1820,13.8,3.2,5.6,1.1,1.5,12.2,1.2,1.5,3,0.7,0.6,1,2.6,22.8,45,98,0.983673469,0.004996384
310,Marcus Morris,SF,27,Detroit Pistons,DET,2565,15.5,2.2,5.9,2,1.7,14.1,1.2,2.6,5.1,1.1,0.4,0.7,2.4,21.1,44.9,95,1.014736842,0.003579967
311,Markieff Morris,PF,27,Washington Wizards,WAS,2374,16.1,1.9,6.2,2.7,1.1,13.5,2,3.3,7.5,1.6,0.6,1.2,3.9,23.9,47.5,97.4,0.98973306,0.004202213
312,Anthony Morrow,SG,31,Chicago Bulls,CHI,87,17,2.5,5,4.6,2.5,12,0,4.6,0.8,0.4,0,0.8,1.7,22.6,44.4,95.3,1.011542497,0.132266265
313,Donatas Motiejunas,PF,26,New Orleans Pelicans,NOP,479,11.3,2.4,4.3,1.9,0.8,10.4,2.3,3.7,7.6,2,0.8,1.4,4.1,22.8,45,98,0.983673469,0.014390143
314,Timofey Mozgov,C,30,Los Angeles Lakers,LAL,1104,13.1,1.4,5.5,2.1,0,10.7,2.3,2.5,8.6,3.4,1,0.5,4.3,20.9,45,98.5,0.978680203,0.008300007
315,Emmanuel Mudiay,PG,20,Denver Nuggets,DEN,1406,15.4,5.6,5.3,3.4,1.4,14.1,3.1,4.3,4.6,0.7,0.3,1,2.4,25.3,46.9,98.3,0.980671414,0.005594738
316,Shabazz Muhammad,SF,24,Minnesota Timberwolves,MIN,1516,18.3,0.8,6.8,3.5,1.2,14.2,1.3,4.5,5.2,2,0.1,0.5,2,23.7,46.7,94.6,1.019027484,0.007205292
317,Dejounte Murray,PG,20,San Antonio Spurs,SAS,322,14.5,5.4,5.6,2.3,1,13,4.2,3.4,4.7,0.7,0.7,0.9,3.2,23.8,46.9,94.2,1.023354565,0.022772297
318,Jamal Murray,SG,19,Denver Nuggets,DEN,1764,16.6,3.5,6,2.2,2.3,14.9,2.3,2.4,4.4,0.8,0.5,1,2.5,25.3,46.9,98.3,0.980671414,0.005006669
319,Mike Muscala,C,25,Atlanta Hawks,ATL,1237,12.7,2.8,4.9,1.4,1.3,9.8,1.6,1.9,7,2.2,1.2,0.9,2.8,23.6,45.1,97.4,0.98973306,0.008670978
320,Larry Nance Jr.,PF,24,Los Angeles Lakers,LAL,1442,11.2,2.4,4.7,1.5,0.2,9,1.4,2,9.2,3,1,2,3.7,20.9,45,98.5,0.978680203,0.007984727
321,Shabazz Napier,PG,25,Portland Trail Blazers,POR,512,15.3,4.7,5.1,2.7,2.4,12.9,2.9,3.4,4.3,0.6,0.1,2.3,2.7,21.1,45.9,96.7,0.996897622,0.019398762
322,Maurice Ndour,PF,24,New York Knicks,NYK,331,10.7,0.9,4.2,2.1,0.1,9.4,1.3,2.8,7,2.4,0.9,1.6,3.3,21.8,44.7,96,1.004166667,0.024997248
323,Gary Neal,SG,32,Atlanta Hawks,ATL,18,8,2,0,8,0,14,0,8,2,0,0,0,2,23.6,45.1,97.4,0.98973306,0
324,Jameer Nelson,PG,34,Denver Nuggets,DEN,2045,12.1,6.8,4.7,0.8,1.9,10.6,2.3,1.1,3.4,0.5,0.1,1,3.5,25.3,46.9,98.3,0.980671414,0.004274726
325,Raul Neto,PG,24,Utah Jazz,UTA,346,10.4,3.5,4.3,0.8,1,9.5,1.6,0.9,3.1,0.4,0.5,2.2,5,20.1,46.6,91.6,1.052401747,0.023512107
326,Georges Niang,PF,23,Indiana Pacers,IND,93,8.1,1.9,3.5,0.8,0.4,13.9,1.9,0.8,6.6,0.8,0,1.2,2.3,22.5,46.5,95.9,1.005213764,0.006802644
327,Andrew Nicholson,PF,27,Brooklyn Nets,BRK,111,9.7,1,4.2,0.6,0.6,11,1.9,0.6,8.8,1.3,0,1.6,5.8,21.4,44.4,101.3,0.951628825,0.036279078
328,Joakim Noah,C,31,New York Knicks,NYK,1015,8.2,3.7,3.5,1.2,0,7.2,2.1,2.8,14.3,5.7,1.3,1.1,4.5,21.8,44.7,96,1.004166667,0.01106787
329,Nerlens Noel,C,22,Dallas Mavericks,DAL,483,14,1.5,5.7,2.5,0,10,1.6,3.6,11.2,3.5,1.8,1.6,4.1,20.8,44,92.2,1.045553145,0.029934057
330,Lucas Nogueira,C,24,Toronto Raptors,TOR,1088,8.4,1.4,3.4,1.5,0.1,5.2,1.5,2.2,8.1,2.7,2.9,1.7,4.5,18.5,46.4,94.7,1.017951426,0.010532947
331,Steve Novak,PF,33,Milwaukee Bucks,MIL,22,8.2,0,3.3,0,1.6,11.5,0,0,4.9,0,0,0,1.6,24.2,47.4,94.5,1.02010582,0.069015218
332,Dirk Nowitzki,PF,38,Dallas Mavericks,DAL,1424,19.4,2.1,7.5,2.5,2,17.1,1.3,2.8,8.9,0.6,1,0.8,2.9,20.8,44,92.2,1.045553145,0.009064451
333,Jusuf Nurkic,C,22,Portland Trail Blazers,POR,584,18.7,3.9,7.4,3.9,0,14.5,3.8,6,12.8,4,2.3,1.5,4.5,21.1,45.9,96.7,0.996897622,0.026124168
334,David Nwaba,SG,24,Los Angeles Lakers,LAL,397,10.9,1.3,4.3,2.3,0.1,7.3,1,3.5,5.7,1.5,0.6,1.2,3.3,20.9,45,98.5,0.978680203,0.022943162
335,Johnny O'Bryant,PF,23,Charlotte Hornets,CHO,34,19.1,4.2,8.5,1.1,1.1,15.9,3.2,2.1,8.5,4.2,0,0,6.4,23.1,44.2,95.7,1.007314525,0.349200467
336,Kyle O'Quinn,C,26,New York Knicks,NYK,1229,14.5,3.4,6.3,1.9,0.1,12.1,2.2,2.4,12.9,4.6,3,1.1,5.1,21.8,44.7,96,1.004166667,0.012443275
337,Daniel Ochefu,C,23,Washington Wizards,WAS,75,11.5,1.4,5.8,0,0,13,1.4,1,10.6,2.4,0,1,8.2,23.9,47.5,97.4,0.98973306,0.072652617
338,Jahlil Okafor,C,21,Philadelphia 76ers,PHI,1134,18.7,1.8,7.7,3.4,0,15,2.9,5,7.6,2.6,1.6,0.6,3.9,23.8,44.2,98.5,0.978680203,0.009660239
339,Victor Oladipo,SG,24,Oklahoma City Thunder,OKC,2222,17.3,2.9,6.7,1.9,2.1,15.1,1.9,2.5,4.7,0.6,0.3,1.3,2.5,21,45.2,97.8,0.985685072,0.00464351
340,Kelly Olynyk,C,25,Boston Celtics,BOS,1538,15.9,3.5,6.1,2.1,1.6,11.9,2.2,2.9,8.4,1.7,0.7,1,4.8,25.2,45.4,96.8,0.995867769,0.007496454
341,Arinze Onuaku,C,29,Orlando Magic,ORL,28,5.1,2.6,2.6,0,0,5.1,2.6,0,7.7,2.6,1.3,0,3.9,22.2,44,96.8,0.995867769,0.168810992
342,Chinanu Onuaku,C,20,Houston Rockets,HOU,52,9.7,2.1,3.5,2.8,0,4.8,2.8,2.8,6.9,1.4,0.7,2.1,4.2,25.2,46.2,100,0.964,0.174984104
343,Kelly Oubre,SF,21,Washington Wizards,WAS,1605,11.2,1.1,4.2,1.7,1.2,9.9,1.1,2.2,5.9,1.4,0.4,1.3,4.4,23.9,47.5,97.4,0.98973306,0.004354492
344,Zaza Pachulia,C,32,Golden State Warriors,GSW,1268,12.1,3.7,4.7,2.8,0,8.7,2.5,3.6,11.6,4,0.9,1.7,4.7,30.4,49.5,99.8,0.965931864,0.00933945
345,Georgios Papagiannis,C,19,Sacramento Kings,SAC,355,12.6,2,5.7,1.2,0,10.3,2.4,1.4,8.7,2.4,1.7,0.3,4.5,22.5,46.1,94.9,1.015806112,0.027311695
346,Jabari Parker,PF,21,Milwaukee Bucks,MIL,1728,21.4,3,8.3,3.4,1.4,17,1.9,4.5,6.5,1.6,0.5,1,2.3,24.2,47.4,94.5,1.02010582,0.008230871
347,Tony Parker,PG,34,San Antonio Spurs,SAS,1587,14.5,6.5,6,1.9,0.5,12.9,2,2.7,2.6,0.2,0,0.8,2.1,23.8,46.9,94.2,1.023354565,0.006159552
348,Chandler Parsons,SF,28,Memphis Grizzlies,MEM,675,11.2,2.9,4,1.9,1.3,11.8,1.3,2.3,4.5,0.3,0.3,1.1,2.8,21.3,43.5,92.3,1.044420368,0.008700844
349,Lamar Patterson,SG,25,Atlanta Hawks,ATL,40,8.1,5.4,2.7,1.8,0.9,13.5,3.6,2.7,6.3,0.9,0,0.9,5.4,23.6,45.1,97.4,0.98973306,-0.028306891
350,Patrick Patterson,PF,27,Toronto Raptors,TOR,1599,10,1.7,3.5,1,2.1,8.6,0.9,1.4,6.6,1.4,0.5,0.9,2.7,18.5,46.4,94.7,1.017951426,0.005106604
351,Chris Paul,PG,31,LA Clippers,LAC,1921,20.7,10.6,7,4.3,2.3,14.7,2.8,4.9,5.7,0.7,0.1,2.2,2.7,22.5,47.5,96.1,1.003121748,0.009790333
352,Adreian Payne,PF,25,Minnesota Timberwolves,MIN,135,16.8,1.9,6.1,3.7,0.8,14.4,2.1,5.1,8.8,2.4,1.9,2.1,8.5,23.7,46.7,94.6,1.019027484,0.077454972
353,Cameron Payne,PG,22,Chicago Bulls,CHI,142,13.7,3.8,5.3,0.3,2.8,16,3.3,1,4.3,0.3,0,1,3.5,22.6,44.4,95.3,1.011542497,0.024399683
354,Elfrid Payton,PG,22,Orlando Magic,ORL,2412,15.6,7.9,6.4,2.2,0.6,13.6,2.7,3.1,5.8,1.3,0.6,1.3,2.6,22.2,44,96.8,0.995867769,0.005255866
355,Gary Payton,PG,24,Milwaukee Bucks,MIL,99,7.3,4.7,2.9,1.1,0.4,8,3.6,1.8,4.4,0,1.5,1.1,3.3,24.2,47.4,94.5,1.02010582,0.037637847
356,Paul Pierce,SF,39,LA Clippers,LAC,277,10.5,1.3,3.6,1.3,1.9,9.1,2.1,1.7,6.2,0.1,0.6,0.5,5.2,22.5,47.5,96.1,1.003121748,0.015023401
357,Marshall Plumlee,C,24,New York Knicks,NYK,170,8.5,2.1,3.4,1.7,0,6.4,2.5,4,10.8,4.9,0.8,0.8,4.9,21.8,44.7,96,1.004166667,0.047282907
358,Mason Plumlee,C,26,Denver Nuggets,DEN,632,14,4,5.6,2.7,0,10.3,2.6,4.3,9.9,2.8,1.7,1.1,4.4,25.3,46.9,98.3,0.980671414,0.018897352
359,Miles Plumlee,C,28,Charlotte Hornets,CHO,174,6.4,0.6,2.9,0.6,0,5,1.7,0.8,8.7,3.1,0.8,1.4,5.2,23.1,44.2,95.7,1.007314525,0.038775401
360,Jakob Poeltl,C,21,Toronto Raptors,TOR,626,9.5,0.7,3.9,1.8,0,6.6,1.7,3.3,9.5,4.5,1.2,1,6.5,18.5,46.4,94.7,1.017951426,0.014758255
361,Otto Porter,SF,23,Washington Wizards,WAS,2605,14.9,1.7,5.7,1.4,2,11.1,0.6,1.6,7.1,1.6,0.6,1.6,2.7,23.9,47.5,97.4,0.98973306,0.00492809
362,Bobby Portis,PF,21,Chicago Bulls,CHI,1000,15.7,1.3,6.6,1.4,1.2,13.5,1.3,2.1,10.7,2.7,0.4,0.6,3.4,22.6,44.4,95.3,1.011542497,0.01141159
363,Kristaps Porzingis,PF,21,New York Knicks,NYK,2164,19.9,1.6,7.4,3.3,1.9,16.4,2,4.2,7.9,1.8,2.1,0.8,4.1,21.8,44.7,96,1.004166667,0.005884941
364,Dwight Powell,C,25,Dallas Mavericks,DAL,1333,13.9,1.3,5.2,2.9,0.6,10.2,0.9,3.8,8.3,2.5,1.1,1.6,3.6,20.8,44,92.2,1.045553145,0.009661808
365,Norman Powell,SG,23,Toronto Raptors,TOR,1368,16.7,2.2,6,3.3,1.5,13.3,1.8,4.2,4.4,0.7,0.4,1.4,3.3,18.5,46.4,94.7,1.017951426,0.007696519
366,Alex Poythress,PF,23,Philadelphia 76ers,PHI,157,14.7,1.1,5.7,1.8,1.4,12.4,0.7,2.3,6.6,2.5,0.5,0.7,3.2,23.8,44.2,98.5,0.978680203,0.062515275
367,Ronnie Price,PG,33,Phoenix Suns,PHO,134,3.8,4.8,1.1,0.8,0.8,6.4,0.8,1.1,3,0.8,0.3,3,3.8,19.6,45,100.3,0.96111665,0.034588493
368,Tim Quarterman,SG,22,Portland Trail Blazers,POR,80,14,5,5.9,0,2.3,13.1,5,1.4,6.3,1.8,1.4,0.9,2.7,21.1,45.9,96.7,0.996897622,0.100769936
369,Chasson Randle,PG,23,New York Knicks,NYK,225,15.2,4.5,4.5,4.6,1.6,11.5,2.6,5,4.3,1,0.2,1,4.5,21.8,44.7,96,1.004166667,0.038937813
370,Julius Randle,PF,22,Los Angeles Lakers,LAL,2132,16.5,4.5,6.4,3.4,0.3,13.1,2.9,4.8,10.7,2.5,0.6,0.8,4.2,20.9,45,98.5,0.978680203,0.005528666
371,Zach Randolph,PF,35,Memphis Grizzlies,MEM,1786,20.7,2.5,8.7,2.8,0.4,19.4,2,3.9,12.1,3.7,0.2,0.8,2.7,21.3,43.5,92.3,1.044420368,0.007721833
372,J.J. Redick,SG,32,LA Clippers,LAC,2198,19.2,1.8,6.5,2.9,3.3,14.6,1.6,3.3,2.8,0.2,0.2,0.9,2,22.5,47.5,96.1,1.003121748,0.004989934
373,Willie Reed,C,26,Miami Heat,MIA,1031,13.1,0.9,5.7,1.7,0,10,1.1,3.1,11.6,4.5,1.6,0.6,4.8,21.2,45.5,95.2,1.012605042,0.012224676
374,Josh Richardson,SG,23,Miami Heat,MIA,1614,12,3.1,4.5,1.3,1.7,11.4,1.4,1.7,3.7,0.8,0.9,1.3,2.9,21.2,45.5,95.2,1.012605042,0.005019764
375,Malachi Richardson,SG,21,Sacramento Kings,SAC,198,14.4,2,5.1,2.7,1.5,12.4,1.5,3.5,4.2,0.5,0.2,0.9,4.2,22.5,46.1,94.9,1.015806112,0.03588883
376,Austin Rivers,SG,24,LA Clippers,LAC,2054,15.6,3.6,5.7,2.3,1.9,12.8,2,3.3,2.8,0.4,0.2,0.8,3.3,22.5,47.5,96.1,1.003121748,0.004199916
377,Andre Roberson,SF,25,Oklahoma City Thunder,OKC,2376,7.9,1.2,3.3,0.7,0.7,7,0.8,1.7,6.1,1.5,1.2,1.4,3.1,21,45.2,97.8,0.985685072,0.003104695
378,Brian Roberts,PG,31,Charlotte Hornets,CHO,416,12.3,4.5,4,2.9,1.5,10.6,2.3,3.4,3.4,0.4,0.1,0.8,1.6,23.1,44.2,95.7,1.007314525,0.01729579
379,Glenn Robinson,SF,23,Indiana Pacers,IND,1427,10.6,1.2,4,1.4,1.2,8.5,0.9,1.9,6.2,1.4,0.5,1,1.6,22.5,46.5,95.9,1.005213764,0.006075461
380,Thomas Robinson,PF,25,Los Angeles Lakers,LAL,560,15.5,2,6.8,2,0,12.6,3,4.2,14.3,5.4,0.6,1.7,4.9,20.9,45,98.5,0.978680203,0.023136523
381,Sergio Rodriguez,PG,30,Philadelphia 76ers,PHI,1518,12.6,8.2,5,0.4,2.2,12.7,3,0.6,3.7,0.5,0.1,1.2,2.3,23.8,44.2,98.5,0.978680203,0.005737794
382,Rajon Rondo,PG,30,Chicago Bulls,CHI,1843,10.5,9,4.5,0.6,1,11,3.3,1,6.9,1.4,0.2,1.9,2.8,22.6,44.4,95.3,1.011542497,0.005563945
383,Derrick Rose,PG,28,New York Knicks,NYK,2082,20,4.9,8,3.8,0.2,16.9,2.5,4.4,4.3,1.1,0.3,0.8,1.5,21.8,44.7,96,1.004166667,0.005990286
384,Terrence Ross,SF,25,Orlando Magic,ORL,748,14.4,2.1,5.5,1.1,2.2,12.9,1.7,1.3,3.3,0.2,0.6,1.6,2.9,22.2,44,96.8,0.995867769,0.011007075
385,Terry Rozier,PG,22,Boston Celtics,BOS,1263,11.7,3.7,4.3,1.5,1.6,11.7,1.3,1.9,6.5,1.1,0.3,1.3,2,25.2,45.4,96.8,0.995867769,0.006513037
386,Ricky Rubio,PG,26,Minnesota Timberwolves,MIN,2469,12.2,9.9,3.8,3.7,0.9,9.5,2.8,4.2,4.4,1,0.1,1.9,2.9,23.7,46.7,94.6,1.019027484,0.004931893
387,Damjan Rudez,SF,30,Orlando Magic,ORL,314,9.4,2.3,3.6,0,2.3,10.1,1,0,2.9,0.6,0.1,1.4,3.6,22.2,44,96.8,0.995867769,0.0167284
388,Brandon Rush,SG,31,Minnesota Timberwolves,MIN,1030,6.9,1.6,2.4,0.5,1.5,6.5,1,0.6,3.5,0.6,0.8,0.8,1.5,23.7,46.7,94.6,1.019027484,0.005025141
389,D'Angelo Russell,PG,20,Los Angeles Lakers,LAL,1811,19.6,6,7,2.9,2.7,17.2,3.5,3.7,4.4,0.6,0.3,1.7,2.6,20.9,45,98.5,0.978680203,0.006207868
390,Domantas Sabonis,PF,20,Oklahoma City Thunder,OKC,1632,10.6,1.8,4.2,1,1.1,10.6,1.8,1.5,6.4,1,0.7,0.9,4.4,21,45.2,97.8,0.985685072,0.003259588
391,Larry Sanders,C,28,Cleveland Cavaliers,CLE,13,11.1,0,2.8,5.5,0,11.1,5.5,5.5,11.1,8.3,2.8,2.8,13.8,22.7,47,96.2,1.002079002,0.348979807
392,Dario Saric,PF,22,Philadelphia 76ers,PHI,2129,17.6,3.1,6.4,2.9,1.8,15.7,3.1,3.7,8.7,1.9,0.5,1,2.7,23.8,44.2,98.5,0.978680203,0.004422745
393,Tomas Satoransky,SG,25,Washington Wizards,WAS,719,7.7,4.6,3.1,1.2,0.5,7.4,1.9,1.7,4.2,1.3,0.3,1.3,3,23.9,47.5,97.4,0.98973306,0.009196006
394,Dennis Schroder,PG,23,Atlanta Hawks,ATL,2485,20.5,7.2,7.9,3.2,1.4,17.6,3.7,3.7,3.6,0.6,0.2,1.1,2.2,23.6,45.1,97.4,0.98973306,0.004769408
395,Luis Scola,PF,36,Brooklyn Nets,BRK,461,14.4,2.9,5.5,2,1.3,11.8,2.7,2.9,10.9,4,0.3,1.1,4.9,21.4,44.4,101.3,0.951628825,0.02221346
396,Mike Scott,PF,28,Atlanta Hawks,ATL,195,8.3,3.1,3.1,1.3,0.7,10.9,1.5,1.5,6.8,1.8,0.6,0.7,2.2,23.6,45.1,97.4,0.98973306,0.022465683
397,Thabo Sefolosha,SF,32,Atlanta Hawks,ATL,1596,10,2.4,3.9,1.2,0.9,8.9,1.3,1.7,6.1,1.2,0.7,2.2,2.2,23.6,45.1,97.4,0.98973306,0.00556109
398,Wayne Selden,SG,22,Memphis Grizzlies,MEM,189,10.5,2.3,3.8,2.3,0.6,9.5,1.7,3.4,2.1,0.2,0.2,0.8,2.3,21.3,43.5,92.3,1.044420368,0.025499782
399,Kevin Seraphin,PF,27,Indiana Pacers,IND,559,14.9,1.5,7,0.9,0,12.8,1.9,1.4,9.1,2.6,1.3,0.5,4.3,22.5,46.5,95.9,1.005213764,0.019457111
400,Ramon Sessions,PG,30,Charlotte Hornets,CHO,811,13.8,5.7,4.4,4,0.9,11.7,2,5.2,3.2,0.5,0.1,1.2,1.9,23.1,44.2,95.7,1.007314525,0.010706338
401,Iman Shumpert,SG,26,Cleveland Cavaliers,CLE,1937,10.5,2,3.7,1.3,1.7,9.1,1.4,1.7,4.1,0.7,0.5,1.2,2.8,22.7,47,96.2,1.002079002,0.003477252
402,Pascal Siakam,PF,22,Toronto Raptors,TOR,859,9.6,0.7,4.3,0.9,0,8.6,1.4,1.3,7.8,2.7,1.9,1.1,4.6,18.5,46.4,94.7,1.017951426,0.009982753
403,Jonathon Simmons,SG,27,San Antonio Spurs,SAS,1392,12.5,3.3,4.6,2.6,0.8,10.9,2,3.4,4.1,0.5,0.6,1.2,3.8,23.8,46.9,94.2,1.023354565,0.005302283
404,Kyle Singler,SF,28,Oklahoma City Thunder,OKC,385,8.2,0.8,3.2,1.2,0.7,7.8,1,1.6,4.5,0.7,0.5,0.7,2.7,21,45.2,97.8,0.985685072,0.012044637
405,Marcus Smart,SG,22,Boston Celtics,BOS,2399,12.5,5.5,4,3,1.4,11.2,2.4,3.8,4.6,1.2,0.5,1.9,2.9,25.2,45.4,96.8,0.995867769,0.003631444
406,Ish Smith,PG,28,Detroit Pistons,DET,1955,14,7.7,6.1,1.3,0.5,13.8,2.1,1.9,4.3,0.4,0.6,1.1,2.3,21.1,44.9,95,1.014736842,0.005607618
407,J.R. Smith,SG,31,Cleveland Cavaliers,CLE,1187,10.6,1.9,3.7,0.3,2.9,10.8,0.8,0.5,3.4,0.5,0.3,1.2,2.3,22.7,47,96.2,1.002079002,0.005196584
408,Jason Smith,C,30,Washington Wizards,WAS,1068,14.2,1.2,5.9,1.2,1.2,11.1,2,1.7,8.7,2.2,1.8,0.7,5.7,23.9,47.5,97.4,0.98973306,0.009530191
409,Tony Snell,SG,25,Milwaukee Bucks,MIL,2336,10.5,1.5,3.8,0.7,2.2,8.3,0.8,0.9,3.8,0.3,0.2,0.8,1.9,24.2,47.4,94.5,1.02010582,0.003208848
410,Marreese Speights,C,29,LA Clippers,LAC,1286,19.9,1.8,6.8,3.4,2.9,15.3,1.9,3.8,10.4,2.5,1.1,0.6,6.4,22.5,47.5,96.1,1.003121748,0.010009568
411,Tiago Splitter,C,32,Philadelphia 76ers,PHI,76,18.5,1.9,6.6,4.3,0.9,14.7,2.8,5.2,10.4,3.8,0.5,0.5,3.8,23.8,44.2,98.5,0.978680203,0.143156512
412,Nik Stauskas,SG,23,Philadelphia 76ers,PHI,2188,12.4,3.1,4.1,2,2.2,10.4,2.1,2.5,3.7,0.3,0.5,0.7,2.4,23.8,44.2,98.5,0.978680203,0.00303315
413,Lance Stephenson,SG,26,Indiana Pacers,IND,132,11.7,6.8,4.9,0.5,1.4,12,3,0.8,6.5,0.3,0.5,0.8,3.3,22.5,46.5,95.9,1.005213764,0.059275863
414,Jarnell Stokes,C,23,Denver Nuggets,DEN,7,15.4,10.3,5.1,5.1,0,5.1,0,10.3,10.3,5.1,0,5.1,15.4,25.3,46.9,98.3,0.980671414,3.196297636
415,Diamond Stone,C,19,LA Clippers,LAC,24,15,0,4.5,6,0,19.5,3,6,9,1.5,1.5,0,7.5,22.5,47.5,96.1,1.003121748,-0.047874469
416,Rodney Stuckey,PG,30,Indiana Pacers,IND,696,14.5,4.3,4.7,4.1,1,12.6,2.7,5.5,4.3,0.3,0,0.8,2.3,22.5,46.5,95.9,1.005213764,0.009714079
417,Jared Sullinger,PF,24,Toronto Raptors,TOR,118,11.3,0.9,4.6,1.2,0.9,14.3,1.2,2.4,8.2,3.1,0.3,1.2,5.2,18.5,46.4,94.7,1.017951426,0.03992014
418,Edy Tavares,C,24,Cleveland Cavaliers,CLE,24,9,1.5,4.5,0,0,6,3,1.5,15,6,9,0,4.5,22.7,47,96.2,1.002079002,0.703988661
419,Isaiah Taylor,PG,22,Houston Rockets,HOU,52,2.1,2.1,0.7,0.7,0,4.8,0,1.4,2.1,0.7,0.7,0.7,4.2,25.2,46.2,100,0.964,0.01051062
420,Jeff Teague,PG,28,Indiana Pacers,IND,2657,17,8.7,5.4,4.9,1.2,12.3,2.9,5.6,4.5,0.4,0.4,1.4,2.2,22.5,46.5,95.9,1.005213764,0.005165714
421,Mirza Teletovic,PF,31,Milwaukee Bucks,MIL,1133,14.3,1.5,5,1.1,3.3,13.3,1.2,1.4,5.1,0.3,0.4,0.4,3.5,24.2,47.4,94.5,1.02010582,0.006041728
422,Garrett Temple,SG,30,Sacramento Kings,SAC,1728,10.5,3.5,3.8,1.2,1.7,9,1.6,1.5,3.8,0.7,0.6,1.7,2.9,22.5,46.1,94.9,1.015806112,0.004879078
423,Jason Terry,SG,39,Milwaukee Bucks,MIL,1365,8.1,2.6,2.8,0.6,1.9,6.4,0.9,0.8,2.8,0.4,0.5,1.2,2.5,24.2,47.4,94.5,1.02010582,0.005163572
424,Isaiah Thomas,PG,27,Boston Celtics,BOS,2569,30.8,6.3,9.6,8.3,3.4,20.6,2.9,9.1,2.9,0.6,0.2,1,2.3,25.2,45.4,96.8,0.995867769,0.007390941
425,Lance Thomas,PF,28,New York Knicks,NYK,968,10.2,1.3,3.6,1.6,1.4,9.1,0.9,1.9,5.3,1.2,0.2,0.8,3.2,21.8,44.7,96,1.004166667,0.006494435
426,Hollis Thompson,SG,25,New Orleans Pelicans,NOP,191,6.4,1.7,2.1,1.1,1.1,7.7,0.4,1.7,5.3,0.8,0,1.1,2.6,22.8,45,98,0.983673469,0.019227796
427,Klay Thompson,SG,26,Golden State Warriors,GSW,2649,23.7,2.2,8.8,2.5,3.6,18.7,1.7,3,3.9,0.7,0.5,0.9,1.9,30.4,49.5,99.8,0.965931864,0.004936418
428,Tristan Thompson,C,25,Cleveland Cavaliers,CLE,2336,9.7,1.2,4,1.6,0,6.7,1,3.3,11,4.4,1.3,0.6,2.7,22.7,47,96.2,1.002079002,0.004796496
429,Marcus Thornton,SG,29,Washington Wizards,WAS,575,13.7,2.6,5.3,1.4,1.8,13.1,1.6,1.7,4.8,1.4,0.2,1.2,3,23.9,47.5,97.4,0.98973306,0.013935143
430,Mike Tobey,C,22,Charlotte Hornets,CHO,25,2.9,1.4,1.4,0,0,5.8,1.4,0,4.3,2.9,0,0,2.9,23.1,44.2,95.7,1.007314525,0.010351407
431,Anthony Tolliver,PF,31,Sacramento Kings,SAC,1477,11.2,1.9,3.8,1.5,2.2,8.6,1.4,2,5.8,1.2,0.5,0.8,2.7,22.5,46.1,94.9,1.015806112,0.005658712
432,Axel Toupane,SF,24,New Orleans Pelicans,NOP,41,9.7,0,4.4,0,0.9,7,0,0,0.9,0,0.9,0.9,4.4,22.8,45,98,0.983673469,0.166524038
433,Karl-Anthony Towns,C,21,Minnesota Timberwolves,MIN,3030,24.5,2.6,9.5,4.2,1.2,17.6,2.5,5.1,12,3.5,1.2,0.7,2.9,23.7,46.7,94.6,1.019027484,0.006233909
434,P.J. Tucker,SF,31,Toronto Raptors,TOR,609,8.2,1.5,3.1,0.7,1.4,7.6,0.8,0.9,7.6,1.4,0.3,1.8,3.1,18.5,46.4,94.7,1.017951426,0.013068525
435,Evan Turner,SF,28,Portland Trail Blazers,POR,1658,12.7,4.5,5.1,1.8,0.7,12,2.2,2.2,5.4,0.8,0.5,1.2,2.6,21.1,45.9,96.7,0.996897622,0.005179119
436,Myles Turner,C,20,Indiana Pacers,IND,2541,16.6,1.5,6.3,3.5,0.6,12.3,1.5,4.3,8.3,2,2.4,1,3.7,22.5,46.5,95.9,1.005213764,0.005314724
437,Beno Udrih,PG,34,Detroit Pistons,DET,560,14.6,8.4,5.9,2.1,0.7,12.7,2.3,2.2,3.7,0.4,0,0.8,1.9,21.1,44.9,95,1.014736842,0.021107812
438,Tyler Ulis,PG,21,Phoenix Suns,PHO,1123,14.2,7.2,5.9,1.8,0.7,14,2.5,2.3,3,0.6,0.2,1.5,2.3,19.6,45,100.3,0.96111665,0.008576367
439,Jarrod Uthoff,PF,23,Dallas Mavericks,DAL,115,12.5,2.8,5,1.6,0.9,11.9,0.9,2.2,6.9,2.5,1.3,0.6,2.5,20.8,44,92.2,1.045553145,0.090907258
440,Jonas Valanciunas,C,24,Toronto Raptors,TOR,2066,16.7,1,6.8,3.1,0,12.2,1.8,3.8,13.2,3.9,1.1,0.6,3.8,18.5,46.4,94.7,1.017951426,0.00712261
441,Denzel Valentine,SG,23,Chicago Bulls,CHI,976,10.7,2.3,3.8,0.5,2.7,10.6,1.8,0.7,5.6,0.4,0.3,1.1,3.2,22.6,44.4,95.3,1.011542497,0.005950596
442,Fred VanVleet,PG,22,Toronto Raptors,TOR,294,13.1,4.3,4.8,2.2,1.3,13.6,1.8,2.7,5.1,0.5,0.4,2,4.4,18.5,46.4,94.7,1.017951426,0.026999858
443,Anderson Varejao,C,34,Golden State Warriors,GSW,92,7,3.9,2,3.1,0,5.5,3.1,4.3,10.6,4.7,1.2,1.2,6.3,30.4,49.5,99.8,0.965931864,0.074617004
444,Greivis Vasquez,PG,30,Brooklyn Nets,BRK,39,6.5,4.6,1.8,1.8,0.9,7.4,0.9,2.8,1.8,0,0.9,0.9,5.5,21.4,44.4,101.3,0.951628825,0.073250632
445,Rashad Vaughn,SG,20,Milwaukee Bucks,MIL,458,11.2,1.8,4.5,0.2,2,12.3,1.1,0.4,3.9,0.3,0.8,1.5,2.5,24.2,47.4,94.5,1.02010582,0.013805165
446,Noah Vonleh,PF,21,Portland Trail Blazers,POR,1265,9.3,0.9,3.7,1.7,0.2,7.7,1.8,2.7,11,3.7,0.8,0.9,4.4,21.1,45.9,96.7,0.996897622,0.006375194
447,Nikola Vucevic,C,26,Orlando Magic,ORL,2163,18.2,3.5,8,1.8,0.4,17.2,1.9,2.7,13,2.9,1.2,1.3,3,22.2,44,96.8,0.995867769,0.00656751
448,Sasha Vujacic,SG,32,New York Knicks,NYK,408,10.9,4.6,3.7,1.5,2,12,1.4,2.1,5.2,1.1,0.2,1.1,3.4,21.8,44.7,96,1.004166667,0.015719371
449,Dwyane Wade,SG,35,Chicago Bulls,CHI,1792,22,4.6,8.3,4.5,0.9,19.2,2.8,5.6,5.4,1.3,0.8,1.7,2.3,22.6,44.4,95.3,1.011542497,0.007414768
450,Dion Waiters,SG,25,Miami Heat,MIA,1384,19,5.2,7.3,2.1,2.2,17.2,2.7,3.3,4,0.5,0.5,1.1,2.5,21.2,45.5,95.2,1.012605042,0.007818527
451,Kemba Walker,PG,26,Charlotte Hornets,CHO,2739,24.1,5.7,8.5,4,3.2,19,2.2,4.7,4,0.6,0.3,1.1,1.6,23.1,44.2,95.7,1.007314525,0.005748882
452,John Wall,PG,26,Washington Wizards,WAS,2836,22.9,10.5,8.2,5.4,1.1,18.2,4.1,6.7,4.1,0.7,0.6,2,1.9,23.9,47.5,97.4,0.98973306,0.005834428
453,Taurean Waller-Prince,SF,22,Atlanta Hawks,ATL,981,12.3,2,4.2,2.7,1.2,10.5,2.2,3.4,5.8,0.9,1,1.6,3.5,23.6,45.1,97.4,0.98973306,0.007488816
454,T.J. Warren,SF,23,Phoenix Suns,PHO,2048,16.7,1.3,7.1,2.1,0.5,14.3,1,2.7,6,2.2,0.7,1.3,3.1,19.6,45,100.3,0.96111665,0.005658201
455,C.J. Watson,PG,32,Orlando Magic,ORL,1012,10,4.1,3.4,2,1.1,8.8,1.7,2.3,3.2,0.6,0.1,1.5,3,22.2,44,96.8,0.995867769,0.006744359
456,Briante Weber,PG,24,Charlotte Hornets,CHO,159,11.3,3.6,4.5,2,0.2,10.4,1.1,2.9,5,1.8,0,2,2.7,23.1,44.2,95.7,1.007314525,0.057643646
457,David West,C,36,Golden State Warriors,GSW,854,13.3,6.4,5.7,1.8,0.1,10.6,3.3,2.4,8.6,2,2,1.8,4.4,30.4,49.5,99.8,0.965931864,0.014509649
458,Russell Westbrook,PG,28,Oklahoma City Thunder,OKC,2802,32.9,10.8,10.6,9.1,2.6,24.9,5.6,10.8,11.1,1.8,0.4,1.7,2.4,21,45.2,97.8,0.985685072,0.007770892
459,Okaro White,PF,24,Miami Heat,MIA,471,7.5,1.6,2.5,1.5,0.9,6.6,1.4,1.7,6.3,1.9,0.8,0.8,4,21.2,45.5,95.2,1.012605042,0.01192024
460,Isaiah Whitehead,PG,21,Brooklyn Nets,BRK,1643,11.9,4.2,4.5,2,1,11.1,3.1,2.5,4,0.7,0.8,0.9,3.8,21.4,44.4,101.3,0.951628825,0.003542125
461,Hassan Whiteside,C,27,Miami Heat,MIA,2513,18.8,0.8,7.8,3.2,0,13.9,2.2,5.1,15.6,4.2,2.3,0.8,3.2,21.2,45.5,95.2,1.012605042,0.006635145
462,Andrew Wiggins,SF,21,Minnesota Timberwolves,MIN,3048,22.8,2.2,8.4,4.9,1.2,18.5,2.2,6.4,3.9,1.2,0.4,1,2.2,23.7,46.7,94.6,1.019027484,0.004005083
463,C.J. Wilcox,SG,26,Orlando Magic,ORL,108,7,4,2.7,0.7,1,10.3,2,0.7,4,1.3,0.3,0.7,2.7,22.2,44,96.8,0.995867769,0.023528658
464,Alan Williams,C,24,Phoenix Suns,PHO,708,17.6,1.2,7,3.6,0,13.6,1.9,5.7,14.8,4.8,1.6,1.4,6.4,19.6,45,100.3,0.96111665,0.020008295
465,Deron Williams,PG,32,Cleveland Cavaliers,CLE,486,13.3,6.4,5,1.6,1.6,10.9,3,1.9,3.3,0.1,0.4,0.4,3.1,22.7,47,96.2,1.002079002,0.017247064
466,Derrick Williams,PF,25,Cleveland Cavaliers,CLE,427,13.2,1.2,4.6,2.3,1.8,9,1.2,3.3,4.8,0.3,0.2,0.4,2.3,22.7,47,96.2,1.002079002,0.019704948
467,Lou Williams,SG,30,Houston Rockets,HOU,591,20.9,3.4,6.2,6,2.5,16.1,2.4,6.9,4.3,0.7,0.5,0.9,1.5,25.2,46.2,100,0.964,0.018222571
468,Marvin Williams,PF,30,Charlotte Hornets,CHO,2295,13.3,1.7,4.7,2.1,1.9,11,0.9,2.4,7.8,1.4,0.8,0.9,2.1,23.1,44.2,95.7,1.007314525,0.004490862
469,Reggie Williams,SF,30,New Orleans Pelicans,NOP,79,12.3,1.8,3.6,2.7,2.3,10.5,0,3.2,2.7,0.9,0,1.4,0.9,22.8,45,98,0.983673469,0.105554049
470,Troy Williams,SF,22,Houston Rockets,HOU,139,15,1.6,5.7,1.6,2.1,11.4,1.6,1.8,6.2,2.3,0.3,0.8,4.7,25.2,46.2,100,0.964,0.069873216
471,Kyle Wiltjer,PF,24,Houston Rockets,HOU,44,10.6,1.6,3.3,0.8,3.3,11.5,4.1,1.6,8.2,3.3,0.8,2.5,3.3,25.2,46.2,100,0.964,0.120733408
472,Justise Winslow,SF,20,Miami Heat,MIA,625,11.3,3.8,4.6,1.7,0.4,13,1.9,2.7,5.4,1.3,0.3,1.5,3,21.2,45.5,95.2,1.012605042,0.009786608
473,Jeff Withey,C,26,Utah Jazz,UTA,432,12.2,0.6,4.6,3,0,8.6,1.2,4,10.1,4.3,2.7,1.3,4.3,20.1,46.6,91.6,1.052401747,0.031936394
474,Christian Wood,PF,21,Charlotte Hornets,CHO,107,11.8,0.7,4,3.7,0,7.7,2.4,5,9.8,4.7,2,1,3.7,23.1,44.2,95.7,1.007314525,0.100521111
475,Metta World Peace,SF,37,Los Angeles Lakers,LAL,160,12.8,2.5,4.3,2.3,2,15.3,1.6,3.6,4.5,1.1,0.5,2.3,4.1,20.9,45,98.5,0.978680203,0.031128328
476,Brandan Wright,PF,29,Memphis Grizzlies,MEM,447,15.2,1.2,6.7,1.9,0,10.9,0.8,2.8,6.3,2.5,1.6,0.9,3.4,21.3,43.5,92.3,1.044420368,0.031283923
477,Delon Wright,PG,24,Toronto Raptors,TOR,446,12.1,4.6,4,3.4,0.8,9.4,2,4.4,3.9,1.3,0.9,2.2,2.5,18.5,46.4,94.7,1.017951426,0.024774667
478,James Young,SG,21,Boston Celtics,BOS,220,11.1,0.7,4.1,1,2,9.5,0.7,1.5,4.3,1,0.3,1.6,2.5,25.2,45.4,96.8,0.995867769,0.035016031
479,Joe Young,PG,24,Indiana Pacers,IND,135,18.1,4,6.9,2.9,1.3,19.2,1.3,4,4.5,0.3,0,1.1,1.3,22.5,46.5,95.9,1.005213764,0.062684119
480,Nick Young,SG,31,Los Angeles Lakers,LAL,1556,18.3,1.3,6.3,1.8,3.9,14.6,0.8,2.1,3.2,0.6,0.3,0.9,3.2,20.9,45,98.5,0.978680203,0.006772039
481,Thaddeus Young,PF,28,Indiana Pacers,IND,2237,13.1,2,5.8,0.7,0.7,11.1,1.5,1.4,7.2,2.1,0.5,1.8,2.2,22.5,46.5,95.9,1.005213764,0.004995294
482,Cody Zeller,PF,24,Charlotte Hornets,CHO,1725,13.3,2.1,5.3,2.8,0,9.2,1.4,4.1,8.5,2.8,1.2,1.3,3.9,23.1,44.2,95.7,1.007314525,0.007142755
483,Tyler Zeller,C,27,Boston Celtics,BOS,525,12.2,2.9,5.3,1.5,0,10.8,1.4,2.7,8.5,2.9,1.4,0.5,4.2,25.2,45.4,96.8,0.995867769,0.018400025
484,Stephen Zimmerman,C,20,Orlando Magic,ORL,108,7.7,1.3,3.3,1,0,10.3,1,1.7,11.7,3.7,1.7,0.7,5.7,22.2,44,96.8,0.995867769,0.051711626
485,Paul Zipser,SF,22,Chicago Bulls,CHI,843,10.2,1.5,3.8,1.3,1.4,9.4,1.7,1.7,5.3,0.6,0.7,0.6,3.3,22.6,44.4,95.3,1.011542497,0.006368603
486,Ivica Zubac,C,19,Los Angeles Lakers,LAL,609,16.8,1.8,7.4,1.9,0,14.1,1.8,2.9,9.4,2.4,2,0.8,3.9,20.9,45,98.5,0.978680203,0.020430658